Workbook

Sheet Mulai
A1: ENGLISH / 120-DAY TRACKER
A3: Dari nol menuju fondasi A1 dan pengenalan A2 • 4 fase × 30 hari • materi, praktik, dan review
A5: Tanggal mulai | C5: 46272 | E5: Jumlah hari | G5: =ROWS(Tracker!A6:A125) -> 120
A6: Tanggal akhir | C6: =C5+G5-1 -> 46391 | E6: Menit per sesi | G6: 55
A7: Ambang evaluasi | C7: 0.7 | E7: Ulang jika paham ≤ | G7: 2
A8: Total jam rencana | C8: =SUM(Tracker!K6:K125)/60 -> 110 | E8: Maks. nilai / aspek | G8: 5
A10: HARI SELESAI | C10: PROGRES HARI | E10: JAM AKTUAL | G10: PERLU DIULANG
A11: =COUNTIF(Tracker!J6:J125,"Selesai") -> 0 | C11: =A11/G5 -> 0 | E11: =SUM(Tracker!L6:L125)/60 -> 0 | G11: =COUNTIF(Tracker!Q6:Q125,"Ya") -> 0
A13: PROGRES PER FASE
A14: Fase | B14: Day awal | C14: Day akhir | D14: Selesai | E14: Total | F14: Progres | G14: Jam aktual | H14: Checkpoint
A15: 1 | B15: 1 | C15: 30 | D15: =COUNTIF(Tracker!J6:J35,"Selesai") -> 0 | E15: =ROWS(Tracker!A6:A35) -> 30 | F15: =D15/E15 -> 0 | G15: =SUM(Tracker!L6:L35)/60 -> 0 | H15: =COUNT(Evaluasi!H16:H20) -> 0
A16: 2 | B16: 31 | C16: 60 | D16: =COUNTIF(Tracker!J36:J65,"Selesai") -> 0 | E16: =ROWS(Tracker!A36:A65) -> 30 | F16: =D16/E16 -> 0 | G16: =SUM(Tracker!L36:L65)/60 -> 0 | H16: =COUNT(Evaluasi!H21:H25) -> 0
A17: 3 | B17: 61 | C17: 90 | D17: =COUNTIF(Tracker!J66:J95,"Selesai") -> 0 | E17: =ROWS(Tracker!A66:A95) -> 30 | F17: =D17/E17 -> 0 | G17: =SUM(Tracker!L66:L95)/60 -> 0 | H17: =COUNT(Evaluasi!H26:H30) -> 0
A18: 4 | B18: 91 | C18: 120 | D18: =COUNTIF(Tracker!J96:J125,"Selesai") -> 0 | E18: =ROWS(Tracker!A96:A125) -> 30 | F18: =D18/E18 -> 0 | G18: =SUM(Tracker!L96:L125)/60 -> 0 | H18: =COUNT(Evaluasi!H31:H35) -> 0
A20: CARA PAKAI
A21: 01 · Atur awal | C21: Tanggal default 7 Sep 2026 mengikuti jadwal belajar pukul 19.00 WIB yang sudah dibuat. Ubah sel biru C5 bila mulai di tanggal lain. Workbook tidak mengubah pengingat otomatis.
A22: 02 · Pilih Day | C22: Buka Belajar Hari Ini, isi Day 1–120. Materi, pengertian, contoh, artikel, video, dan tugas hari tersebut akan muncul otomatis.
A23: 03 · Latihan 55 menit | C23: 10 menit kosakata/review + 10 menit membaca + 15 menit video/listening + 10 menit speaking + 10 menit writing. Ini alokasi latihan, bukan durasi asli video.
A24: 04 · Tandai selesai | C24: Pada Tracker, pilih Selesai untuk setiap aktivitas. Satu hari selesai setelah kelimanya selesai. Isi menit aktual, tingkat paham, catatan, dan lokasi rekaman.
A25: 05 · Review jujur | C25: Paham 1 = belum paham; 2 = banyak bantuan; 3 = bisa dengan contoh; 4 = cukup mandiri; 5 = bisa menjelaskan. Perlu ulang tidak menghapus aktivitas yang selesai.
A26: 06 · Ukur kemajuan | C26: Isi Evaluasi pada hari yang ditentukan. Biarkan nilai kosong sebelum tes; angka 0 berarti sudah mencoba tetapi belum memenuhi kriteria.
A27: 07 · Tempo fleksibel | C27: 120 hari berarti 4 blok 30 hari, bukan persis empat bulan kalender. Target A1 kuat dan pengenalan A2 bukan jaminan kelulusan; ulang satu Day bila perlu.
A28: 08 · Sumber gratis | C28: Artikel dan halaman pelajaran utama tidak memerlukan pembelian tes atau kelas. Kursus/promosi berbayar tidak perlu diikuti. Video sengaja diulang dengan tugas berbeda.
A29: 09 · Jika masih sulit | C29: Baca penjelasan Indonesia dahulu, pilih 3–5 baris transkrip, lalu dengar potongan pendek. Tidak perlu memahami seluruh video; perlambat bila tersedia.
A30: 10 · Jika tautan gagal | C30: Buka Sumber dan cari judul persis di situs penerbit. Untuk VOA, coba tautan unduhan pada halaman. Akses/player dapat berubah; tidak perlu membeli layanan.
A32: HASIL YANG DITUJU
A33: Day 1–30: perkenalan, benda/keluarga, lokasi, waktu, dan rutinitas; teks sekitar 60 kata.
A34: Day 31–60: permintaan, kemampuan, kegiatan sekarang, menu, ajakan, pesan; teks sekitar 70 kata.
A35: Day 61–90: pengalaman lampau, rencana, perbandingan, saran; cerita sekitar 100 kata.
A36: Day 91–120: pengenalan perfect, strategi baca/dengar, komunikasi frontend; presentasi 2–3 menit dan teks 120–150 kata.
A38: Rencana dan contoh disusun khusus, bukan kurikulum resmi atau salinan penuh VOA/British Council. Artikel/transkrip ditautkan setiap Day. Belajar tidak perlu menunggu tes berbayar.

Sheet Tracker
A1: TRACKER / 120 HARI
A3: Isi sel biru: aktivitas, menit aktual, paham 1–5, tanggal selesai, catatan, dan bukti. Progres/status otomatis.
A5: Day | B5: Tanggal rencana | C5: Topik | D5: Kata / review | E5: Baca | F5: Video | G5: Speaking | H5: Writing | I5: Progres | J5: Status otomatis | K5: Target menit | L5: Menit aktual | M5: Paham 1–5 | N5: Tanggal selesai | O5: Catatan / kata sulit | P5: Bukti / lokasi rekaman | Q5: Perlu diulang?
A6: 1 | B6: =Mulai!$C$5+A6-1 -> 46272 | C6: Alphabet dan mengeja nama | D6: Belum | E6: Belum | F6: Belum | G6: Belum | H6: Belum | I6: =COUNTIF(D6:H6,"Selesai")/COLUMNS(D6:H6) -> 0 | J6: =IF(I6=1,"Selesai",IF(I6=0,"Belum mulai","Berjalan")) -> Belum mulai | K6: ='Rencana 120 Hari'!S6 -> 55 | Q6: =IF(M6="","",IF(M6<=Mulai!$G$7,"Ya","Tidak"))
A7: 2 | B7: =Mulai!$C$5+A7-1 -> 46273 | C7: Sapaan dan perkenalan | D7: Belum | E7: Belum | F7: Belum | G7: Belum | H7: Belum | I7: =COUNTIF(D7:H7,"Selesai")/COLUMNS(D7:H7) -> 0 | J7: =IF(I7=1,"Selesai",IF(I7=0,"Belum mulai","Berjalan")) -> Belum mulai | K7: ='Rencana 120 Hari'!S7 -> 55 | Q7: =IF(M7="","",IF(M7<=Mulai!$G$7,"Ya","Tidak"))
A8: 3 | B8: =Mulai!$C$5+A8-1 -> 46274 | C8: I, you, he, she, we, they, it | D8: Belum | E8: Belum | F8: Belum | G8: Belum | H8: Belum | I8: =COUNTIF(D8:H8,"Selesai")/COLUMNS(D8:H8) -> 0 | J8: =IF(I8=1,"Selesai",IF(I8=0,"Belum mulai","Berjalan")) -> Belum mulai | K8: ='Rencana 120 Hari'!S8 -> 55 | Q8: =IF(M8="","",IF(M8<=Mulai!$G$7,"Ya","Tidak"))
A9: 4 | B9: =Mulai!$C$5+A9-1 -> 46275 | C9: Am, is, are untuk identitas | D9: Belum | E9: Belum | F9: Belum | G9: Belum | H9: Belum | I9: =COUNTIF(D9:H9,"Selesai")/COLUMNS(D9:H9) -> 0 | J9: =IF(I9=1,"Selesai",IF(I9=0,"Belum mulai","Berjalan")) -> Belum mulai | K9: ='Rencana 120 Hari'!S9 -> 55 | Q9: =IF(M9="","",IF(M9<=Mulai!$G$7,"Ya","Tidak"))
A10: 5 | B10: =Mulai!$C$5+A10-1 -> 46276 | C10: Kalimat negatif: not | D10: Belum | E10: Belum | F10: Belum | G10: Belum | H10: Belum | I10: =COUNTIF(D10:H10,"Selesai")/COLUMNS(D10:H10) -> 0 | J10: =IF(I10=1,"Selesai",IF(I10=0,"Belum mulai","Berjalan")) -> Belum mulai | K10: ='Rencana 120 Hari'!S10 -> 55 | Q10: =IF(M10="","",IF(M10<=Mulai!$G$7,"Ya","Tidak"))
A11: 6 | B11: =Mulai!$C$5+A11-1 -> 46277 | C11: Pertanyaan Are you ...? | D11: Belum | E11: Belum | F11: Belum | G11: Belum | H11: Belum | I11: =COUNTIF(D11:H11,"Selesai")/COLUMNS(D11:H11) -> 0 | J11: =IF(I11=1,"Selesai",IF(I11=0,"Belum mulai","Berjalan")) -> Belum mulai | K11: ='Rencana 120 Hari'!S11 -> 55 | Q11: =IF(M11="","",IF(M11<=Mulai!$G$7,"Ya","Tidak"))
A12: 7 | B12: =Mulai!$C$5+A12-1 -> 46278 | C12: Review 1: identitas diri | D12: Belum | E12: Belum | F12: Belum | G12: Belum | H12: Belum | I12: =COUNTIF(D12:H12,"Selesai")/COLUMNS(D12:H12) -> 0 | J12: =IF(I12=1,"Selesai",IF(I12=0,"Belum mulai","Berjalan")) -> Belum mulai | K12: ='Rencana 120 Hari'!S12 -> 55 | Q12: =IF(M12="","",IF(M12<=Mulai!$G$7,"Ya","Tidak"))
A13: 8 | B13: =Mulai!$C$5+A13-1 -> 46279 | C13: What, who, where | D13: Belum | E13: Belum | F13: Belum | G13: Belum | H13: Belum | I13: =COUNTIF(D13:H13,"Selesai")/COLUMNS(D13:H13) -> 0 | J13: =IF(I13=1,"Selesai",IF(I13=0,"Belum mulai","Berjalan")) -> Belum mulai | K13: ='Rencana 120 Hari'!S13 -> 55 | Q13: =IF(M13="","",IF(M13<=Mulai!$G$7,"Ya","Tidak"))
A14: 9 | B14: =Mulai!$C$5+A14-1 -> 46280 | C14: My, your, his, her | D14: Belum | E14: Belum | F14: Belum | G14: Belum | H14: Belum | I14: =COUNTIF(D14:H14,"Selesai")/COLUMNS(D14:H14) -> 0 | J14: =IF(I14=1,"Selesai",IF(I14=0,"Belum mulai","Berjalan")) -> Belum mulai | K14: ='Rencana 120 Hari'!S14 -> 55 | Q14: =IF(M14="","",IF(M14<=Mulai!$G$7,"Ya","Tidak"))
A15: 10 | B15: =Mulai!$C$5+A15-1 -> 46281 | C15: Kata benda dan jamak | D15: Belum | E15: Belum | F15: Belum | G15: Belum | H15: Belum | I15: =COUNTIF(D15:H15,"Selesai")/COLUMNS(D15:H15) -> 0 | J15: =IF(I15=1,"Selesai",IF(I15=0,"Belum mulai","Berjalan")) -> Belum mulai | K15: ='Rencana 120 Hari'!S15 -> 55 | Q15: =IF(M15="","",IF(M15<=Mulai!$G$7,"Ya","Tidak"))
A16: 11 | B16: =Mulai!$C$5+A16-1 -> 46282 | C16: A, an, dan the | D16: Belum | E16: Belum | F16: Belum | G16: Belum | H16: Belum | I16: =COUNTIF(D16:H16,"Selesai")/COLUMNS(D16:H16) -> 0 | J16: =IF(I16=1,"Selesai",IF(I16=0,"Belum mulai","Berjalan")) -> Belum mulai | K16: ='Rencana 120 Hari'!S16 -> 55 | Q16: =IF(M16="","",IF(M16<=Mulai!$G$7,"Ya","Tidak"))
A17: 12 | B17: =Mulai!$C$5+A17-1 -> 46283 | C17: This, that, these, those | D17: Belum | E17: Belum | F17: Belum | G17: Belum | H17: Belum | I17: =COUNTIF(D17:H17,"Selesai")/COLUMNS(D17:H17) -> 0 | J17: =IF(I17=1,"Selesai",IF(I17=0,"Belum mulai","Berjalan")) -> Belum mulai | K17: ='Rencana 120 Hari'!S17 -> 55 | Q17: =IF(M17="","",IF(M17<=Mulai!$G$7,"Ya","Tidak"))
... A125: 120 | B125: =Mulai!$C$5+A125-1 -> 46391 | C125: Checkpoint akhir dan rencana berikutnya | D125: Belum | E125: Belum | F125: Belum | G125: Belum | H125: Belum | I125: =COUNTIF(D125:H125,"Selesai")/COLUMNS(D125:H125) -> 0 | J125: =IF(I125=1,"Selesai",IF(I125=0,"Belum mulai","Berjalan")) -> Belum mulai | K125: ='Rencana 120 Hari'!S125 -> 55 | Q125: =IF(M125="","",IF(M125<=Mulai!$G$7,"Ya","Tidak"))

Sheet Belajar Hari Ini
A1: BELAJAR HARI INI
A3: Ubah nomor Day pada sel biru. Materi mengikuti Rencana 120 Hari; catat progres pada Tracker.
A5: Pilih Day (1–120) | C5: 1 | E5: Tanggal rencana | G5: =Mulai!C5+C5-1 -> 46272
A7: TOPIK | C7: =INDEX('Rencana 120 Hari'!$D$6:$D$125,$C$5) -> Alphabet dan mengeja nama
A9: Target hari ini | C9: =INDEX('Rencana 120 Hari'!$E$6:$E$125,$C$5) -> Mengeja nama dan mengenali 26 nama huruf.
A11: Pengertian | C11: =INDEX('Rencana 120 Hari'!$G$6:$G$125,$C$5) -> Alphabet adalah kumpulan huruf. Spelling berarti menyebut huruf penyusun kata; nama huruf tidak selalu sama dengan bunyinya di dalam kata.
A15: Contoh + arti | C15: =INDEX('Rencana 120 Hari'!$H$6:$H$125,$C$5) -> My name is Sam. S-A-M. = Nama saya Sam, dieja S-A-M.
A18: Kosakata | C18: =INDEX('Rencana 120 Hari'!$I$6:$I$125,$C$5) -> name=nama; letter=huruf; spell=mengeja; first=pertama; last=terakhir
A21: Review · 10 menit | C21: =INDEX('Rencana 120 Hari'!$T$6:$T$125,$C$5) -> Pelajari 5 kata/frasa hari ini. Tutup catatan dan sebutkan kembali.
A24: Bacaan | C24: =INDEX('Rencana 120 Hari'!$J$6:$J$125,$C$5) -> Lesson 1: Welcome!
A26: Buka bacaan | C26: =HYPERLINK(INDEX('Rencana 120 Hari'!$K$6:$K$125,$C$5),INDEX('Rencana 120 Hari'!$K$6:$K$125,$C$5)) -> https://learningenglish.voanews.com/a/lets-learn-english-lesson-one/3111026.html
A28: Tugas baca · 10m | C28: =INDEX('Rencana 120 Hari'!$L$6:$L$125,$C$5) -> Baca Conversation dan bagian alphabet; cocokkan huruf nama sendiri.
A31: Video | C31: =INDEX('Rencana 120 Hari'!$M$6:$M$125,$C$5) -> Lesson 1: Welcome!
A33: Buka video | C33: =HYPERLINK(INDEX('Rencana 120 Hari'!$N$6:$N$125,$C$5),INDEX('Rencana 120 Hari'!$N$6:$N$125,$C$5)) -> https://learningenglish.voanews.com/a/lets-learn-english-lesson-one/3111026.html
A35: Tugas video · 15m | C35: =INDEX('Rencana 120 Hari'!$O$6:$O$125,$C$5) -> Perhatikan cara menyebut nama dan mengeja huruf. Mulai dengan transkrip bila perlu, lalu coba tanpa teks. Ambil cuplikan bila panjang; total latihan 15 menit.
A40: Speaking · 10m | C40: =INDEX('Rencana 120 Hari'!$P$6:$P$125,$C$5) -> Rekam nama dan eja 3 kali, 20–30 detik.
A43: Writing · 10m | C43: =INDEX('Rencana 120 Hari'!$Q$6:$Q$125,$C$5) -> Tulis 3 kalimat nama dan asal memakai contoh.
A46: Kriteria selesai | C46: =INDEX('Rencana 120 Hari'!$R$6:$R$125,$C$5) -> Nama dapat dieja tanpa melihat contoh.
A50: Target menit | C50: =INDEX('Rencana 120 Hari'!$S$6:$S$125,$C$5) -> 55 | E50: Progres Day ini | G50: =INDEX(Tracker!$I$6:$I$125,$C$5) -> 0
A52: Sumber dipakai ulang: sesi pertama mengenali makna, sesi berikutnya mendengar tanpa teks dan memproduksi kalimat. Durasi boleh 45–60 menit. Jika target menit di Mulai diubah, sesuaikan alokasi lima kegiatan secara manual.

Sheet Rencana 120 Hari
A1: 120 DAYS / RENCANA LENGKAP
A3: Database rencana. Untuk membaca satu hari tanpa menggulir ke samping, buka Belajar Hari Ini.
A5: Day | B5: Bulan | C5: Jenis sesi | D5: Topik | E5: Target hari ini | F5: ID konsep | G5: Pengertian (Indonesia) | H5: Contoh + arti | I5: Kosakata / review | J5: Judul bacaan | K5: URL bacaan | L5: Tugas baca · 10 menit | M5: Judul video | N5: URL video | O5: Tugas video · 15 menit | P5: Speaking · 10 menit | Q5: Writing · 10 menit | R5: Kriteria selesai | S5: Target menit | T5: Pengulangan · 10 menit
A6: 1 | B6: 1 | C6: Materi + praktik | D6: Alphabet dan mengeja nama | E6: Mengeja nama dan mengenali 26 nama huruf. | F6: alphabet | G6: ='Kamus Materi'!C6 -> Alphabet adalah kumpulan huruf. Spelling berarti menyebut huruf penyusun kata; nama huruf tidak selalu sama dengan bunyinya di dalam kata. | H6: ='Kamus Materi'!D6 -> My name is Sam. S-A-M. = Nama saya Sam, dieja S-A-M. | I6: name=nama; letter=huruf; spell=mengeja; first=pertama; last=terakhir | J6: Lesson 1: Welcome! | K6: https://learningenglish.voanews.com/a/lets-learn-english-lesson-one/3111026.html | L6: Baca Conversation dan bagian alphabet; cocokkan huruf nama sendiri. | M6: Lesson 1: Welcome! | N6: https://learningenglish.voanews.com/a/lets-learn-english-lesson-one/3111026.html | O6: Perhatikan cara menyebut nama dan mengeja huruf. Mulai dengan transkrip bila perlu, lalu coba tanpa teks. Ambil cuplikan bila panjang; total latihan 15 menit. | P6: Rekam nama dan eja 3 kali, 20–30 detik. | Q6: Tulis 3 kalimat nama dan asal memakai contoh. | R6: Nama dapat dieja tanpa melihat contoh. | S6: =Mulai!G6 -> 55 | T6: Pelajari 5 kata/frasa hari ini. Tutup catatan dan sebutkan kembali.
A7: 2 | B7: 1 | C7: Materi + praktik | D7: Sapaan dan perkenalan | E7: Memulai dan menutup perkenalan singkat. | F7: greeting | G7: ='Kamus Materi'!C7 -> Greeting berarti sapaan. Introduction adalah perkenalan singkat yang menyampaikan nama dan informasi diri dengan sopan. | H7: ='Kamus Materi'!D7 -> Hi, I am Sam. Nice to meet you. = Hai, saya Sam. Senang bertemu kamu. | I7: hello=halo; morning=pagi; meet=bertemu; friend=teman; welcome=selamat datang | J7: Lesson 2: Hello, I'm Anna! | K7: https://learningenglish.voanews.com/a/lets-learn-english-lesson-2-hello/3113733.html | L7: Baca 6 baris awal Conversation; tandai sapaan. | M7: Lesson 2: Hello, I'm Anna! | N7: https://learningenglish.voanews.com/a/lets-learn-english-lesson-2-hello/3113733.html | O7: Tangkap sapaan dan respons perkenalan. Mulai dengan transkrip bila perlu, lalu coba tanpa teks. Ambil cuplikan bila panjang; total latihan 15 menit. | P7: Mainkan dua peran yang saling menyapa, 30 detik. | Q7: Tulis dialog 4 baris dengan nama sendiri. | R7: Ada sapaan, nama, dan respons sopan. | S7: =Mulai!G6 -> 55 | T7: Ulang kata/frasa Day 1. Tambahkan target hari ini; sesi review tidak perlu kata baru.
A8: 3 | B8: 1 | C8: Materi + praktik | D8: I, you, he, she, we, they, it | E8: Memilih kata ganti untuk 7 subjek. | F8: pronoun | G8: ='Kamus Materi'!C8 -> Kata ganti subjek menggantikan orang atau benda yang menjadi pokok kalimat: I, you, we, they, he, she, it. | H8: ='Kamus Materi'!D8 -> She is a student. = Dia seorang mahasiswa. She menggantikan nama perempuan. | I8: I=saya; you=kamu; we=kami/kita; they=mereka; it=itu | J8: Personal pronouns | K8: https://learnenglish.britishcouncil.org/free-resources/grammar/english-grammar-reference/personal-pronouns | L8: Baca tabel subject pronouns saja; cocokkan dengan arti Indonesia. | M8: Lesson 2: Hello, I'm Anna! | N8: https://learningenglish.voanews.com/a/lets-learn-english-lesson-2-hello/3113733.html | O8: Cari kata I dan you pada dialog. Mulai dengan transkrip bila perlu, lalu coba tanpa teks. Ambil cuplikan bila panjang; total latihan 15 menit. | P8: Sebut 7 orang/benda lalu ganti dengan pronoun. | Q8: Tulis 7 kalimat pendek menggunakan pronoun dan be. | R8: Sedikitnya 5 dari 7 pronoun tepat. | S8: =Mulai!G6 -> 55 | T8: Ulang kata/frasa Day 2. Tambahkan target hari ini; sesi review tidak perlu kata baru.
A9: 4 | B9: 1 | C9: Materi + praktik | D9: Am, is, are untuk identitas | E9: Menghubungkan orang dengan identitas dan lokasi. | F9: be | G9: ='Kamus Materi'!C9 -> Am, is, dan are menghubungkan subjek dengan identitas, sifat, atau lokasi. Gunakan I am; he/she/it is; you/we/they are. | H9: ='Kamus Materi'!D9 -> I am ready. She is at home. = Saya siap. Dia di rumah. | I9: student=pelajar; worker=pekerja; home=rumah; here=di sini; ready=siap | J9: Present simple: 'to be' | K9: https://learnenglish.britishcouncil.org/free-resources/grammar/a1-a2/present-simple-be | L9: Baca tabel affirmative; kerjakan 5 butir latihan jika tersedia. | M9: Lesson 3: I'm Here! | N9: https://learningenglish.voanews.com/a/lets-learn-english-lesson-3-i-am-here/3126527.html | O9: Temukan bentuk I am dan lokasi. Mulai dengan transkrip bila perlu, lalu coba tanpa teks. Ambil cuplikan bila panjang; total latihan 15 menit. | P9: Ucapkan 6 kalimat tentang diri/keluarga. | Q9: Tulis 6 kalimat: 2 am, 2 is, 2 are. | R9: Minimal 5 kalimat memakai be yang tepat. | S9: =Mulai!G6 -> 55 | T9: Ulang kata/frasa Day 3. Tambahkan target hari ini; sesi review tidak perlu kata baru.
A10: 5 | B10: 1 | C10: Materi + praktik | D10: Kalimat negatif: not | E10: Mengubah kalimat be positif menjadi negatif. | F10: negative | G10: ='Kamus Materi'!C10 -> Untuk menyangkal kalimat yang memakai be, letakkan not setelah am/is/are. Bentuk singkat: is not → isn't; are not → aren't. | H10: ='Kamus Materi'!D10 -> I am not tired. = Saya tidak lelah. Bukan I not tired. | I10: not=tidak; tired=lelah; late=terlambat; happy=senang; alone=sendirian | J10: Present simple: 'to be' | K10: https://learnenglish.britishcouncil.org/free-resources/grammar/a1-a2/present-simple-be | L10: Baca bagian negative; tandai posisi not. | M10: Lesson 3: I'm Here! | N10: https://learningenglish.voanews.com/a/lets-learn-english-lesson-3-i-am-here/3126527.html | O10: Dengar kontraksi dan bandingkan dengan transkrip. Mulai dengan transkrip bila perlu, lalu coba tanpa teks. Ambil cuplikan bila panjang; total latihan 15 menit. | P10: Ubah 5 pernyataan menjadi penyangkalan. | Q10: Tulis 5 pasang kalimat positif-negatif. | R10: Not diletakkan setelah be. | S10: =Mulai!G6 -> 55 | T10: Ulang kata/frasa Day 4. Tambahkan target hari ini; sesi review tidak perlu kata baru.
A11: 6 | B11: 1 | C11: Materi + praktik | D11: Pertanyaan Are you ...? | E11: Bertanya identitas/keadaan dan menjawab singkat. | F11: questionbe | G11: ='Kamus Materi'!C11 -> Pertanyaan ya/tidak dengan be menempatkan am/is/are sebelum subjek. Jawaban singkat mengulang be yang sesuai. | H11: ='Kamus Materi'!D11 -> Are you busy? Yes, I am. = Apakah kamu sibuk? Ya. | I11: yes=ya; no=tidak; busy=sibuk; okay=baik-baik; sure=yakin | J11: Present simple: 'to be' | K11: https://learnenglish.britishcouncil.org/free-resources/grammar/a1-a2/present-simple-be | L11: Baca questions dan short answers. | M11: Lesson 2: Hello, I'm Anna! | N11: https://learningenglish.voanews.com/a/lets-learn-english-lesson-2-hello/3113733.html | O11: Dengar intonasi pertanyaan dan jawabannya. Mulai dengan transkrip bila perlu, lalu coba tanpa teks. Ambil cuplikan bila panjang; total latihan 15 menit. | P11: Buat tanya-jawab 5 kali dengan diri sendiri. | Q11: Tulis 5 pertanyaan dan jawaban singkat. | R11: Be berada sebelum subjek pada pertanyaan. | S11: =Mulai!G6 -> 55 | T11: Ulang kata/frasa Day 5. Tambahkan target hari ini; sesi review tidak perlu kata baru.
A12: 7 | B12: 1 | C12: Review / evaluasi | D12: Review 1: identitas diri | E12: Menyatukan sapaan, ejaan, dan be. | F12: review | G12: ='Kamus Materi'!C59 -> Active recall berarti mencoba mengingat tanpa melihat catatan. Spaced review adalah mengulang materi pada jeda berbeda; ulangi kesalahan lebih sering. | H12: ='Kamus Materi'!D59 -> Tutup catatan, sebutkan lima kata kemarin, kemudian periksa jawabannya. | I12: Ulang 10 kata Day 1–6; tanpa kata baru. | J12: Lesson 1: Welcome! | K12: https://learningenglish.voanews.com/a/lets-learn-english-lesson-one/3111026.html | L12: Tutup transkrip; ingat 5 ungkapan, kemudian periksa. | M12: Lesson 1: Welcome! | N12: https://learningenglish.voanews.com/a/lets-learn-english-lesson-one/3111026.html | O12: Tonton ulang untuk menangkap detail yang sebelumnya terlewat. Mulai dengan transkrip bila perlu, lalu coba tanpa teks. Ambil cuplikan bila panjang; total latihan 15 menit. | P12: Rekam perkenalan 30–45 detik tanpa membaca. | Q12: Tulis 5 kalimat diri sendiri dan 3 pertanyaan. | R12: Isi Evaluasi Day 7; catat 2 kesalahan utama. | S12: =Mulai!G6 -> 55 | T12: Ulang kata/frasa Day 6. Tambahkan target hari ini; sesi review tidak perlu kata baru.
A13: 8 | B13: 1 | C13: Materi + praktik | D13: What, who, where | E13: Membedakan pertanyaan orang, benda, dan lokasi. | F13: wh | G13: ='Kamus Materi'!C12 -> What menanyakan apa; who siapa; where di mana; when kapan; why mengapa; how bagaimana. Susunan setelahnya bergantung pada kata kerja. | H13: ='Kamus Materi'!D12 -> Where do you work? = Kamu bekerja di mana? | I13: what=apa; who=siapa; where=di mana; thing=benda; person=orang | J13: Question forms | K13: https://learnenglish.britishcouncil.org/free-resources/grammar/a1-a2/question-forms | L13: Baca contoh questions with be; jangan ambil semua tenses. | M13: Lesson 4: What Is It? | N13: https://learningenglish.voanews.com/a/lets-learn-english-lesson-4/3168920.html | O13: Dengarkan pertanyaan tentang benda. Mulai dengan transkrip bila perlu, lalu coba tanpa teks. Ambil cuplikan bila panjang; total latihan 15 menit. | P13: Ajukan 6 pertanyaan tentang benda/orang di rumah. | Q13: Tulis 2 pertanyaan per kata what/who/where. | R13: Masing-masing kata tanya digunakan sesuai makna. | S13: =Mulai!G6 -> 55 | T13: Ulang kata/frasa Day 7 dan Day 1. Tambahkan target hari ini; sesi review tidak perlu kata baru.
A14: 9 | B14: 1 | C14: Materi + praktik | D14: My, your, his, her | E14: Menyatakan pemilik benda dan hubungan keluarga. | F14: poss | G14: ='Kamus Materi'!C13 -> My, your, his, her, its, our, their menandai pemilik dan diikuti kata benda. Bedakan your (milikmu) dari you're (you are). | H14: ='Kamus Materi'!D13 -> This is my notebook. = Ini buku catatan saya. | I14: my=milik saya; your=milikmu; his=miliknya laki-laki; her=miliknya perempuan; our=milik kami | J14: Personal pronouns | K14: https://learnenglish.britishcouncil.org/free-resources/grammar/english-grammar-reference/personal-pronouns | L14: Baca bagian possessive adjectives yang ditautkan; jika tidak tampil, gunakan contoh di Kamus Materi. | M14: Lesson 12: Meet My Family | N14: https://learningenglish.voanews.com/a/lets-learn-english-lesson-12-meet-my-family/3301733.html | O14: Perhatikan cara mengenalkan anggota keluarga. Mulai dengan transkrip bila perlu, lalu coba tanpa teks. Ambil cuplikan bila panjang; total latihan 15 menit. | P14: Tunjukkan 5 benda dan sebut pemiliknya. | Q14: Tulis 6 frasa kepemilikan dan 3 kalimat. | R14: My/your/his/her diikuti noun. | S14: =Mulai!G6 -> 55 | T14: Ulang kata/frasa Day 8 dan Day 2. Tambahkan target hari ini; sesi review tidak perlu kata baru.
A15: 10 | B15: 1 | C15: Materi + praktik | D15: Kata benda dan jamak | E15: Membedakan satu benda dan lebih dari satu. | F15: noun | G15: ='Kamus Materi'!C14 -> Noun adalah kata benda, orang, tempat, atau gagasan. Plural berarti lebih dari satu; banyak kata menambah -s, tetapi ada bentuk tidak beraturan. | H15: ='Kamus Materi'!D14 -> one book → two books; one child → two children. | I15: book=buku; bag=tas; key=kunci; chair=kursi; child=anak | J15: Nouns: countable and uncountable | K15: https://learnenglish.britishcouncil.org/free-resources/grammar/a1-a2/nouns-countable-uncountable | L15: Baca countable nouns saja; cari singular/plural. | M15: Lesson 4: What Is It? | N15: https://learningenglish.voanews.com/a/lets-learn-english-lesson-4/3168920.html | O15: Tandai nama benda pada video. Mulai dengan transkrip bila perlu, lalu coba tanpa teks. Ambil cuplikan bila panjang; total latihan 15 menit. | P15: Sebut 5 benda tunggal dan versi jamaknya. | Q15: Tulis 8 pasangan tunggal-jamak. | R15: Minimal 6 dari 8 pasangan tepat. | S15: =Mulai!G6 -> 55 | T15: Ulang kata/frasa Day 9 dan Day 3. Tambahkan target hari ini; sesi review tidak perlu kata baru.
A16: 11 | B16: 1 | C16: Materi + praktik | D16: A, an, dan the | E16: Memilih a/an berdasar bunyi dan mengenalkan the. | F16: article | G16: ='Kamus Materi'!C15 -> A/an dipakai sebelum kata benda tunggal yang dapat dihitung dan belum spesifik. Pilih berdasarkan bunyi awal: a university, an hour. The menunjuk yang sudah tertentu. | H16: ='Kamus Materi'!D15 -> I have a pen. The pen is blue. = Saya punya pena. Pena itu biru. | I16: pen=pena; apple=apel; egg=telur; hour=jam; university=universitas | J16: Articles: 'a', 'an', 'the' | K16: https://learnenglish.britishcouncil.org/free-resources/grammar/a1-a2-grammar/articles-a-an-the | L16: Baca bagian a/an dan the; cukup contoh pertama. | M16: Lesson 4: What Is It? | N16: https://learningenglish.voanews.com/a/lets-learn-english-lesson-4/3168920.html | O16: Perhatikan penyebutan benda yang baru dikenalkan. Mulai dengan transkrip bila perlu, lalu coba tanpa teks. Ambil cuplikan bila panjang; total latihan 15 menit. | P16: Beri nama 6 benda dengan a/an. | Q16: Tulis 3 pasangan kalimat: benda baru lalu benda yang sama dengan the. | R16: Paham an hour dan a university. | S16: =Mulai!G6 -> 55 | T16: Ulang kata/frasa Day 10 dan Day 4. Tambahkan target hari ini; sesi review tidak perlu kata baru.
A17: 12 | B17: 1 | C17: Materi + praktik | D17: This, that, these, those | E17: Menunjuk benda dekat/jauh dan tunggal/jamak. | F17: demonstrative | G17: ='Kamus Materi'!C16 -> This/these menunjuk yang dekat; that/those yang jauh. This/that untuk tunggal, these/those untuk jamak. | H17: ='Kamus Materi'!D16 -> This is a cup. Those are books. = Ini cangkir. Itu buku-buku. | I17: this=ini tunggal; that=itu tunggal; these=ini jamak; those=itu jamak; near=dekat | J17: Lesson 4: What Is It? | K17: https://learningenglish.voanews.com/a/lets-learn-english-lesson-4/3168920.html | L17: Baca Conversation; gunakan materi worksheet sebagai pendamping. | M17: Lesson 4: What Is It? | N17: https://learningenglish.voanews.com/a/lets-learn-english-lesson-4/3168920.html | O17: Amati benda yang ditunjuk pembicara. Mulai dengan transkrip bila perlu, lalu coba tanpa teks. Ambil cuplikan bila panjang; total latihan 15 menit. | P17: Tunjuk 8 benda sambil memilih kata penunjuk. | Q17: Tulis 2 kalimat untuk setiap kata penunjuk. | R17: Minimal 6 dari 8 pilihan tepat. | S17: =Mulai!G6 -> 55 | T17: Ulang kata/frasa Day 11 dan Day 5. Tambahkan target hari ini; sesi review tidak perlu kata baru.
A18: 13 | B18: 1 | C18: Materi + praktik | D18: Sifat dan keadaan | E18: Menggambarkan benda dan cuaca dengan adjective. | F18: adjective | G18: ='Kamus Materi'!C17 -> Adjective adalah kata sifat yang menjelaskan orang atau benda. Biasanya berada sebelum noun atau setelah be; tidak berubah menjadi jamak. | H18: ='Kamus Materi'!D17 -> a small room; The room is small. = kamar kecil; Kamar itu kecil. | I18: hot=panas; cold=dingin; small=kecil; big=besar; clean=bersih | J18: Adjectives | K18: https://learnenglish.britishcouncil.org/free-resources/grammar/english-grammar-reference/adjectives | L18: Baca adjective sebelum noun dan setelah be. | M18: Lesson 9: Is It Cold? | N18: https://learningenglish.voanews.com/a/lets-learn-english-lesson-9-is-it-cold/3261789.html | O18: Dengar kata sifat cuaca. Mulai dengan transkrip bila perlu, lalu coba tanpa teks. Ambil cuplikan bila panjang; total latihan 15 menit. | P18: Ceritakan cuaca dan 3 benda di kamar. | Q18: Tulis 5 kalimat sifat tanpa menambah -s pada adjective. | R18: Setidaknya 4 kalimat susunannya tepat. | S18: =Mulai!G6 -> 55 | T18: Ulang kata/frasa Day 12 dan Day 6. Tambahkan target hari ini; sesi review tidak perlu kata baru.
A19: 14 | B19: 1 | C19: Review / evaluasi | D19: Review 2: benda di sekitarku | E19: Menggabungkan noun, article, possessive, adjective. | F19: review | G19: ='Kamus Materi'!C59 -> Active recall berarti mencoba mengingat tanpa melihat catatan. Spaced review adalah mengulang materi pada jeda berbeda; ulangi kesalahan lebih sering. | H19: ='Kamus Materi'!D59 -> Tutup catatan, sebutkan lima kata kemarin, kemudian periksa jawabannya. | I19: Ulang 10 kata Day 8–13; tanpa kata baru. | J19: Articles: 'a', 'an', 'the' | K19: https://learnenglish.britishcouncil.org/free-resources/grammar/a1-a2-grammar/articles-a-an-the | L19: Kerjakan ulang 5 butir artikel tanpa catatan. | M19: Lesson 4: What Is It? | N19: https://learningenglish.voanews.com/a/lets-learn-english-lesson-4/3168920.html | O19: Jeda sebelum jawaban; tebak benda yang dibahas. Mulai dengan transkrip bila perlu, lalu coba tanpa teks. Ambil cuplikan bila panjang; total latihan 15 menit. | P19: Deskripsikan 5 benda selama 45 detik. | Q19: Tulis 6 kalimat dan koreksi article/jamak. | R19: Isi Evaluasi Day 14; simpan rekaman. | S19: =Mulai!G6 -> 55 | T19: Ulang kata/frasa Day 13 dan Day 7. Tambahkan target hari ini; sesi review tidak perlu kata baru.
A20: 15 | B20: 1 | C20: Materi + praktik | D20: Angka 0–100 dan kontak | E20: Membaca angka dan informasi kontak dasar. | F20: number | G20: ='Kamus Materi'!C18 -> Cardinal numbers menyatakan jumlah (one, two). Ordinal numbers menyatakan urutan (first, second). Latih angka, jam, dan tanggal dalam konteks. | H20: ='Kamus Materi'!D18 -> The lesson starts at seven. = Pelajaran mulai pukul tujuh. | I20: zero=nol; ten=sepuluh; twenty=dua puluh; number=angka; phone=telepon | J20: Business cards | K20: https://learnenglish.britishcouncil.org/free-resources/reading/a1/business-cards | L20: Baca 2 business cards; cari nama, pekerjaan, dan nomor. | M20: Lesson 16: Where Are You From? | N20: https://learningenglish.voanews.com/a/lets-learn-english-lesson-16-where-are-you-from/3355849.html | O20: Tangkap asal orang; gunakan angka untuk informasi profil sendiri. Mulai dengan transkrip bila perlu, lalu coba tanpa teks. Ambil cuplikan bila panjang; total latihan 15 menit. | P20: Sebut angka acak dan nomor telepon fiktif. | Q20: Buat kartu nama fiktif 5 baris. | R20: Tidak memakai nomor pribadi saat latihan publik. | S20: =Mulai!G6 -> 55 | T20: Ulang kata/frasa Day 14 dan Day 8. Tambahkan target hari ini; sesi review tidak perlu kata baru.
A21: 16 | B21: 1 | C21: Materi + praktik | D21: Hari, tanggal, dan jam | E21: Menyebut hari dan jam belajar. | F21: number | G21: ='Kamus Materi'!C18 -> Cardinal numbers menyatakan jumlah (one, two). Ordinal numbers menyatakan urutan (first, second). Latih angka, jam, dan tanggal dalam konteks. | H21: ='Kamus Materi'!D18 -> The lesson starts at seven. = Pelajaran mulai pukul tujuh. | I21: Monday=Senin; Tuesday=Selasa; week=minggu; today=hari ini; tomorrow=besok | J21: A study timetable | K21: https://learnenglish.britishcouncil.org/free-resources/reading/a1/study-timetable | L21: Cari hari/jam pada study timetable. | M21: Lesson 17: Are You Free on Friday? | N21: https://learningenglish.voanews.com/a/are-you-free-on-friday-lets-learn-english/3355785.html | O21: Dengar hari dan waktu ajakan bertemu. Mulai dengan transkrip bila perlu, lalu coba tanpa teks. Ambil cuplikan bila panjang; total latihan 15 menit. | P21: Sebut jadwal 3 hari berikutnya. | Q21: Tulis jadwal belajar 5 baris. | R21: Bisa menyebut waktu sesi pukul 19.00. | S21: =Mulai!G6 -> 55 | T21: Ulang kata/frasa Day 15 dan Day 9. Tambahkan target hari ini; sesi review tidak perlu kata baru.
A22: 17 | B22: 1 | C22: Materi + praktik | D22: Ada: there is / there are | E22: Menjelaskan isi sebuah ruangan. | F22: there | G22: ='Kamus Materi'!C19 -> There is menyatakan keberadaan satu benda atau uncountable noun; there are untuk jamak. Maknanya ada, bukan terjemahan harfiah di sana. | H22: ='Kamus Materi'!D19 -> There is a desk. There are two chairs. = Ada meja dan dua kursi. | I22: room=kamar; desk=meja; door=pintu; window=jendela; floor=lantai | J22: Using 'there is' and 'there are' | K22: https://learnenglish.britishcouncil.org/free-resources/grammar/a1-a2/using-there-there-are | L22: Baca bentuk singular/plural dan latihan pertama. | M22: Lesson 6: Where Is the Gym? | N22: https://learningenglish.voanews.com/a/lets-learn-english-lesson-6-where-is-the-gym/3225958.html | O22: Amati lokasi fasilitas dalam video. Mulai dengan transkrip bila perlu, lalu coba tanpa teks. Ambil cuplikan bila panjang; total latihan 15 menit. | P22: Sebut 5 benda yang ada di kamar. | Q22: Tulis 3 there is dan 3 there are. | R22: Jumlah benda cocok dengan is/are. | S22: =Mulai!G6 -> 55 | T22: Ulang kata/frasa Day 16 dan Day 10. Tambahkan target hari ini; sesi review tidak perlu kata baru.
A23: 18 | B23: 1 | C23: Materi + praktik | D23: In, on, at untuk tempat | E23: Menyebut posisi orang/benda sederhana. | F23: place | G23: ='Kamus Materi'!C20 -> Preposition of place menunjukkan lokasi. In umumnya di dalam/area; on di atas permukaan; at pada suatu titik atau tempat kegiatan. | H23: ='Kamus Materi'!D20 -> The mouse is on the desk. = Mouse ada di atas meja. | I23: in=di dalam; on=di atas permukaan; at=di titik/tempat; table=meja; office=kantor | J23: Prepositions of place: 'in', 'on', 'at' | K23: https://learnenglish.britishcouncil.org/free-resources/grammar/a1-a2/prepositions-place | L23: Baca perbedaan in/on/at dan contoh lokasi. | M23: Lesson 5: Where Are You? | N23: https://learningenglish.voanews.com/a/lets-learn-english-lesson-5-where-are-you/3168971.html | O23: Dengar pertanyaan lokasi. Mulai dengan transkrip bila perlu, lalu coba tanpa teks. Ambil cuplikan bila panjang; total latihan 15 menit. | P23: Pindahkan 3 benda dan jelaskan letaknya. | Q23: Tulis 6 kalimat lokasi berdasarkan kamar. | R23: Minimal 4 lokasi dapat dipahami. | S23: =Mulai!G6 -> 55 | T23: Ulang kata/frasa Day 17 dan Day 11. Tambahkan target hari ini; sesi review tidak perlu kata baru.
A24: 19 | B24: 1 | C24: Materi + praktik | D24: Have / has dan barang milikmu | E24: Menyatakan kepemilikan memakai have/has. | F24: have | G24: ='Kamus Materi'!C21 -> Have/has menyatakan kepemilikan atau hubungan. I/you/we/they memakai have; he/she/it memakai has. Untuk pertanyaan biasa gunakan do/does + have. | H24: ='Kamus Materi'!D21 -> She has a laptop. Does she have a mouse? = Dia punya laptop. Apakah dia punya mouse? | I24: have=punya; laptop=laptop; cup=cangkir; kitchen=dapur; house=rumah | J24: Present simple: 'have got' | K24: https://learnenglish.britishcouncil.org/free-resources/grammar/a1-a2/present-simple-have-got | L24: Baca penjelasan have vs have got; fokus makna kepemilikan. | M24: Lesson 10: Come Over to My Place | N24: https://learningenglish.voanews.com/a/lets-learn-english-lesson-10/3285228.html | O24: Catat barang yang disebut di rumah. Mulai dengan transkrip bila perlu, lalu coba tanpa teks. Ambil cuplikan bila panjang; total latihan 15 menit. | P24: Sebut 3 barangmu dan 3 barang anggota keluarga. | Q24: Tulis 6 kalimat have/has. | R24: He/she memakai has pada kalimat positif. | S24: =Mulai!G6 -> 55 | T24: Ulang kata/frasa Day 18 dan Day 12. Tambahkan target hari ini; sesi review tidak perlu kata baru.
A25: 20 | B25: 1 | C25: Materi + praktik | D25: Keluarga dan possessive 's | E25: Mengenalkan keluarga dan benda miliknya. | F25: possessives | G25: ='Kamus Materi'!C22 -> Apostrophe + s menunjukkan pemilik: Sam's bag. Untuk jamak berakhiran s, apostrophe diletakkan setelah s. Bedakan 's pemilik dari is. | H25: ='Kamus Materi'!D22 -> This is my sister's phone. = Ini telepon saudara perempuan saya. | I25: mother=ibu; father=ayah; sister=saudara perempuan; brother=saudara laki-laki; family=keluarga | J25: Possessive 's | K25: https://learnenglish.britishcouncil.org/free-resources/grammar/a1-a2/possessive-s | L25: Baca aturan nama + 's dan contoh pertama. | M25: Lesson 12: Meet My Family | N25: https://learningenglish.voanews.com/a/lets-learn-english-lesson-12-meet-my-family/3301733.html | O25: Cari hubungan antaranggota keluarga. Mulai dengan transkrip bila perlu, lalu coba tanpa teks. Ambil cuplikan bila panjang; total latihan 15 menit. | P25: Kenalkan 3 anggota keluarga dalam 45 detik. | Q25: Tulis 5 kalimat menggunakan nama + 's. | R25: Bisa membedakan my sister dan my sister's bag. | S25: =Mulai!G6 -> 55 | T25: Ulang kata/frasa Day 19 dan Day 13. Tambahkan target hari ini; sesi review tidak perlu kata baru.
A26: 21 | B26: 1 | C26: Review / evaluasi | D26: Review 3: kamar dan keluarga | E26: Menggabungkan lokasi, kepemilikan, dan keluarga. | F26: review | G26: ='Kamus Materi'!C59 -> Active recall berarti mencoba mengingat tanpa melihat catatan. Spaced review adalah mengulang materi pada jeda berbeda; ulangi kesalahan lebih sering. | H26: ='Kamus Materi'!D59 -> Tutup catatan, sebutkan lima kata kemarin, kemudian periksa jawabannya. | I26: Ulang 10 kata Day 15–20; tanpa kata baru. | J26: Using 'there is' and 'there are' | K26: https://learnenglish.britishcouncil.org/free-resources/grammar/a1-a2/using-there-there-are | L26: Ulangi 5 soal there is/are lalu cek. | M26: Lesson 12: Meet My Family | N26: https://learningenglish.voanews.com/a/lets-learn-english-lesson-12-meet-my-family/3301733.html | O26: Dengar tanpa teks pertama kali; catat siapa yang dibahas. Mulai dengan transkrip bila perlu, lalu coba tanpa teks. Ambil cuplikan bila panjang; total latihan 15 menit. | P26: Tur kamar lisan 1 menit dengan 5 benda. | Q26: Tulis deskripsi rumah/keluarga 40–50 kata. | R26: Isi Evaluasi Day 21; koreksi 2 pola terlemah. | S26: =Mulai!G6 -> 55 | T26: Ulang kata/frasa Day 20 dan Day 14. Tambahkan target hari ini; sesi review tidak perlu kata baru.
A27: 22 | B27: 1 | C27: Materi + praktik | D27: Simple present: rutinitas saya | E27: Menceritakan kebiasaan memakai I + verb. | F27: present | G27: ='Kamus Materi'!C23 -> Bentuk ini menyatakan kebiasaan atau fakta. Pakai kata kerja dasar; untuk he/she/it tambahkan -s/-es sesuai ejaan. | H27: ='Kamus Materi'!D23 -> I build websites. She builds websites. = Saya/Dia membuat situs web. | I27: wake=bangun; eat=makan; drink=minum; work=bekerja; study=belajar | J27: Present simple | K27: https://learnenglish.britishcouncil.org/free-resources/grammar/a1-a2/present-simple | L27: Baca bagian rutinitas pada grammar explanation. | M27: Lesson 18: She Always Does That | N27: https://learningenglish.voanews.com/a/lets-learn-english-lesson-18-she-always-does-that/3357748.html | O27: Dengar kebiasaan yang berulang dalam video. Mulai dengan transkrip bila perlu, lalu coba tanpa teks. Ambil cuplikan bila panjang; total latihan 15 menit. | P27: Ucapkan 6 aktivitas harian berurutan. | Q27: Tulis 6 kalimat I dengan kata kerja dasar. | R27: Tidak menambahkan am sebelum kata kerja biasa. | S27: =Mulai!G6 -> 55 | T27: Ulang kata/frasa Day 21 dan Day 15. Tambahkan target hari ini; sesi review tidak perlu kata baru.
A28: 23 | B28: 1 | C28: Materi + praktik | D28: He/she + s/es | E28: Menceritakan kebiasaan orang lain. | F28: present | G28: ='Kamus Materi'!C23 -> Bentuk ini menyatakan kebiasaan atau fakta. Pakai kata kerja dasar; untuk he/she/it tambahkan -s/-es sesuai ejaan. | H28: ='Kamus Materi'!D23 -> I build websites. She builds websites. = Saya/Dia membuat situs web. | I28: start=mulai; finish=selesai; watch=menonton; read=membaca; sleep=tidur | J28: Present simple | K28: https://learnenglish.britishcouncil.org/free-resources/grammar/a1-a2/present-simple | L28: Baca aturan s/es dan y→ies. | M28: Lesson 18: She Always Does That | N28: https://learningenglish.voanews.com/a/lets-learn-english-lesson-18-she-always-does-that/3357748.html | O28: Cari kata kerja setelah he/she. Mulai dengan transkrip bila perlu, lalu coba tanpa teks. Ambil cuplikan bila panjang; total latihan 15 menit. | P28: Ubah 5 kalimat I menjadi she. | Q28: Tulis 6 kalimat rutinitas anggota keluarga. | R28: Minimal 5 kata kerja orang ketiga tepat. | S28: =Mulai!G6 -> 55 | T28: Ulang kata/frasa Day 22 dan Day 16. Tambahkan target hari ini; sesi review tidak perlu kata baru.
A29: 24 | B29: 1 | C29: Materi + praktik | D29: Don't / doesn't | E29: Menyatakan kebiasaan yang tidak dilakukan. | F29: do | G29: ='Kamus Materi'!C24 -> Do/does membantu pertanyaan dan penyangkalan simple present. Setelah does atau doesn't, kata kerja kembali ke bentuk dasar. | H29: ='Kamus Materi'!D24 -> Does he work here? He doesn't work here. Bukan does he works. | I29: do=kata bantu/melakukan; daily=harian; weekend=akhir pekan; early=awal; often=sering | J29: Present simple | K29: https://learnenglish.britishcouncil.org/free-resources/grammar/a1-a2/present-simple | L29: Baca bentuk negative; perhatikan verb dasar setelah doesn't. | M29: Lesson 19: When Do I Start? | N29: https://learningenglish.voanews.com/a/lets-learn-english-lesson-19-when-do-you-start/3357760.html | O29: Catat informasi jadwal kerja yang terdengar. Mulai dengan transkrip bila perlu, lalu coba tanpa teks. Ambil cuplikan bila panjang; total latihan 15 menit. | P29: Ucapkan 6 kebiasaan positif-negatif. | Q29: Tulis 3 don't dan 3 doesn't. | R29: Tidak menulis doesn't works. | S29: =Mulai!G6 -> 55 | T29: Ulang kata/frasa Day 23 dan Day 17. Tambahkan target hari ini; sesi review tidak perlu kata baru.
A30: 25 | B30: 1 | C30: Materi + praktik | D30: Do you ...? Does she ...? | E30: Membuat pertanyaan rutinitas. | F30: do | G30: ='Kamus Materi'!C24 -> Do/does membantu pertanyaan dan penyangkalan simple present. Setelah does atau doesn't, kata kerja kembali ke bentuk dasar. | H30: ='Kamus Materi'!D24 -> Does he work here? He doesn't work here. Bukan does he works. | I30: when=kapan; why=mengapa; how=bagaimana; usually=biasanya; every=setiap | J30: Question forms | K30: https://learnenglish.britishcouncil.org/free-resources/grammar/a1-a2/question-forms | L30: Baca present simple questions saja. | M30: Lesson 19: When Do I Start? | N30: https://learningenglish.voanews.com/a/lets-learn-english-lesson-19-when-do-you-start/3357760.html | O30: Tangkap pertanyaan mengenai mulai bekerja. Mulai dengan transkrip bila perlu, lalu coba tanpa teks. Ambil cuplikan bila panjang; total latihan 15 menit. | P30: Mainkan wawancara kebiasaan 6 tanya-jawab. | Q30: Tulis 3 do dan 3 does beserta jawaban. | R30: Pertanyaan memakai verb dasar. | S30: =Mulai!G6 -> 55 | T30: Ulang kata/frasa Day 24 dan Day 18. Tambahkan target hari ini; sesi review tidak perlu kata baru.
A31: 26 | B31: 1 | C31: Materi + praktik | D31: Always, often, sometimes, never | E31: Menjelaskan frekuensi tanpa angka pasti. | F31: frequency | G31: ='Kamus Materi'!C25 -> Always, usually, often, sometimes, never menyatakan seberapa sering. Umumnya sebelum kata kerja utama, tetapi setelah be. | H31: ='Kamus Materi'!D25 -> I usually study at night. I am often busy. = Saya biasanya belajar malam dan sering sibuk. | I31: always=selalu; usually=biasanya; often=sering; sometimes=kadang; never=tidak pernah | J31: Present simple | K31: https://learnenglish.britishcouncil.org/free-resources/grammar/a1-a2/present-simple | L31: Cari bagian adverbs of frequency pada contoh present simple. | M31: Lesson 18: She Always Does That | N31: https://learningenglish.voanews.com/a/lets-learn-english-lesson-18-she-always-does-that/3357748.html | O31: Hitung ungkapan kebiasaan yang tertangkap. Mulai dengan transkrip bila perlu, lalu coba tanpa teks. Ambil cuplikan bila panjang; total latihan 15 menit. | P31: Ceritakan 5 kebiasaan dengan frekuensi berbeda. | Q31: Tulis 5 kalimat frekuensi. | R31: Adverb ditempatkan wajar sebelum verb atau setelah be. | S31: =Mulai!G6 -> 55 | T31: Ulang kata/frasa Day 25 dan Day 19. Tambahkan target hari ini; sesi review tidak perlu kata baru.
A32: 27 | B32: 1 | C32: Materi + praktik | D32: At 7, on Monday, in September | E32: Menghubungkan kegiatan dengan waktu. | F32: timeprep | G32: ='Kamus Materi'!C26 -> At dipakai untuk jam; on untuk hari/tanggal; in untuk bulan/tahun atau bagian hari tertentu. Ada ungkapan khusus seperti at night. | H32: ='Kamus Materi'!D26 -> at 7 p.m.; on Monday; in September = pukul 7 malam; Senin; September. | I32: at=pada jam; on=pada hari; in=pada bulan; evening=sore/malam; night=malam | J32: Prepositions of time: 'at', 'in', 'on' | K32: https://learnenglish.britishcouncil.org/free-resources/grammar/a1-a2-grammar/prepositions-of-time-at-in-on | L32: Baca tabel at/on/in; catat at night. | M32: Lesson 17: Are You Free on Friday? | N32: https://learningenglish.voanews.com/a/are-you-free-on-friday-lets-learn-english/3355785.html | O32: Dengar rencana waktu bertemu. Mulai dengan transkrip bila perlu, lalu coba tanpa teks. Ambil cuplikan bila panjang; total latihan 15 menit. | P32: Sebut jadwal kerja/belajar selama 1 menit. | Q32: Tulis 6 kalimat waktu. | R32: Minimal 5 preposition waktu tepat. | S32: =Mulai!G6 -> 55 | T32: Ulang kata/frasa Day 26 dan Day 20. Tambahkan target hari ini; sesi review tidak perlu kata baru.
A33: 28 | B33: 1 | C33: Review / evaluasi | D33: Review 4: jadwalku | E33: Menjelaskan rutinitas dan bertanya jadwal. | F33: review | G33: ='Kamus Materi'!C59 -> Active recall berarti mencoba mengingat tanpa melihat catatan. Spaced review adalah mengulang materi pada jeda berbeda; ulangi kesalahan lebih sering. | H33: ='Kamus Materi'!D59 -> Tutup catatan, sebutkan lima kata kemarin, kemudian periksa jawabannya. | I33: Ulang kata Day 22–27; tanpa kata baru. | J33: A study timetable | K33: https://learnenglish.britishcouncil.org/free-resources/reading/a1/study-timetable | L33: Baca timetable; temukan 5 hari/jam tanpa terjemahan penuh. | M33: Lesson 18: She Always Does That | N33: https://learningenglish.voanews.com/a/lets-learn-english-lesson-18-she-always-does-that/3357748.html | O33: Tonton ulang dan tulis 3 kebiasaan yang terdengar. Mulai dengan transkrip bila perlu, lalu coba tanpa teks. Ambil cuplikan bila panjang; total latihan 15 menit. | P33: Ceritakan hari biasa selama 1 menit. | Q33: Tulis rutinitas 50 kata dan 4 pertanyaan. | R33: Isi Evaluasi Day 28; cek do/does dan s/es. | S33: =Mulai!G6 -> 55 | T33: Ulang kata/frasa Day 27 dan Day 21. Tambahkan target hari ini; sesi review tidak perlu kata baru.
A34: 29 | B34: 1 | C34: Materi + praktik | D34: Membaca pesan pendek | E34: Mengerti tujuan pesan dan memberi respons. | F34: email | G34: ='Kamus Materi'!C60 -> Pesan efektif menyebut tujuan, detail penting, dan tindakan yang diharapkan. Email lebih formal dapat memakai sapaan dan penutup yang sopan. | H34: ='Kamus Materi'!D60 -> Hi Ana, could you check the page? Thank you. = Hai Ana, bisa cek halamannya? Terima kasih. | I34: message=pesan; busy=sibuk; free=luang; later=nanti; sorry=maaf | J34: Text messages to a friend | K34: https://learnenglish.britishcouncil.org/free-resources/reading/a1/text-messages-friend | L34: Baca text messages; cari siapa, rencana apa, kapan. | M34: Lesson 8: Are You Busy? | N34: https://learningenglish.voanews.com/a/lets-learn-english-lesson-8-are-you-busy/3253185.html | O34: Dengar ungkapan sedang sibuk dan responsnya; belum perlu menguasai semua -ing. Mulai dengan transkrip bila perlu, lalu coba tanpa teks. Ambil cuplikan bila panjang; total latihan 15 menit. | P34: Mainkan percakapan ajakan 6 baris. | Q34: Tulis pesan ajakan belajar 30–40 kata. | R34: Pesan menyebut kegiatan dan waktu. | S34: =Mulai!G6 -> 55 | T34: Ulang kata/frasa Day 28 dan Day 22. Tambahkan target hari ini; sesi review tidak perlu kata baru.
A35: 30 | B35: 1 | C35: Review / evaluasi | D35: Checkpoint bulan 1: profil dan rutinitas | E35: Memeriksa fondasi, bukan mengejar skor tes resmi. | F35: rubric | G35: ='Kamus Materi'!C63 -> Rubrik adalah kriteria penilaian yang sama dari waktu ke waktu. Nilai latihan ini hanya alat belajar, bukan skor TOEFL atau sertifikasi CEFR. | H35: ='Kamus Materi'!D63 -> Bandingkan rekaman awal dan akhir: apakah pesan lebih lengkap dan mudah dipahami? | I35: Review 20 kata paling sulit bulan 1. | J35: Business cards | K35: https://learnenglish.britishcouncil.org/free-resources/reading/a1/business-cards | L35: Baca business cards; jawab nama, pekerjaan, kontak. | M35: Lesson 2: Hello, I'm Anna! | N35: https://learningenglish.voanews.com/a/lets-learn-english-lesson-2-hello/3113733.html | O35: Dengar ulang perkenalan; tulis 5 informasi yang dipahami. Mulai dengan transkrip bila perlu, lalu coba tanpa teks. Ambil cuplikan bila panjang; total latihan 15 menit. | P35: Rekam perkenalan + rutinitas 60 detik. | Q35: Tulis profil 60 kata dan koreksi memakai Kamus Materi. | R35: Isi Evaluasi Day 30; ulangi topik yang belum kuat. | S35: =Mulai!G6 -> 55 | T35: Ulang kata/frasa Day 29 dan Day 23. Tambahkan target hari ini; sesi review tidak perlu kata baru.
A36: 31 | B36: 2 | C36: Materi + praktik | D36: Me, him, her, us, them | E36: Membedakan pelaku dari penerima tindakan. | F36: object | G36: ='Kamus Materi'!C27 -> Me, you, him, her, it, us, them menggantikan penerima tindakan atau mengikuti preposition; berbeda dari kata ganti subjek. | H36: ='Kamus Materi'!D27 -> She helps me. I work with her. = Dia membantu saya. Saya bekerja dengannya. | I36: me=saya objek; him=dia laki-laki objek; her=dia perempuan objek; us=kami/kita objek; them=mereka objek | J36: Personal pronouns | K36: https://learnenglish.britishcouncil.org/free-resources/grammar/english-grammar-reference/personal-pronouns | L36: Baca object pronouns dan contoh setelah preposition. | M36: Lesson 12: Meet My Family | N36: https://learningenglish.voanews.com/a/lets-learn-english-lesson-12-meet-my-family/3301733.html | O36: Cari kata yang merujuk orang yang sama. Mulai dengan transkrip bila perlu, lalu coba tanpa teks. Ambil cuplikan bila panjang; total latihan 15 menit. | P36: Ucapkan 5 kalimat seseorang membantu orang lain. | Q36: Tulis 6 pasang subjek-objek, seperti she helps me. | R36: Minimal 5 objek dipilih tepat. | S36: =Mulai!G6 -> 55 | T36: Ulang kata/frasa Day 30 dan Day 24. Tambahkan target hari ini; sesi review tidak perlu kata baru.
A37: 32 | B37: 2 | C37: Materi + praktik | D37: Kemampuan: can / can't | E37: Menyatakan 3 kemampuan dan 2 keterbatasan. | F37: can | G37: ='Kamus Materi'!C28 -> Can menyatakan kemampuan atau izin sederhana, diikuti kata kerja dasar tanpa to dan tanpa -s. Bentuk negatifnya can't/cannot. | H37: ='Kamus Materi'!D28 -> I can write code. Can you help? = Saya bisa menulis kode. Bisa bantu? | I37: can=bisa; swim=berenang; cook=memasak; drive=mengemudi; code=menulis kode | J37: 'can' and 'could' | K37: https://learnenglish.britishcouncil.org/free-resources/grammar/english-grammar-reference/can-could | L37: Baca can untuk ability saja. | M37: Lesson 20: What Can You Do? | N37: https://learningenglish.voanews.com/a/lets-learn-english-lesson-20-what-can-you-do/3384429.html | O37: Catat kemampuan yang disebutkan. Mulai dengan transkrip bila perlu, lalu coba tanpa teks. Ambil cuplikan bila panjang; total latihan 15 menit. | P37: Rekam kemampuan diri 45 detik. | Q37: Tulis 5 can dan 3 can't. | R37: Tidak menulis can to atau can works. | S37: =Mulai!G6 -> 55 | T37: Ulang kata/frasa Day 31 dan Day 25. Tambahkan target hari ini; sesi review tidak perlu kata baru.
A38: 33 | B38: 2 | C38: Materi + praktik | D38: Bertanya kemampuan | E38: Mengajukan pertanyaan can dan jawaban singkat. | F38: can | G38: ='Kamus Materi'!C28 -> Can menyatakan kemampuan atau izin sederhana, diikuti kata kerja dasar tanpa to dan tanpa -s. Bentuk negatifnya can't/cannot. | H38: ='Kamus Materi'!D28 -> I can write code. Can you help? = Saya bisa menulis kode. Bisa bantu? | I38: help=membantu; speak=berbicara; write=menulis; draw=menggambar; sing=bernyanyi | J38: 'can' and 'could' | K38: https://learnenglish.britishcouncil.org/free-resources/grammar/english-grammar-reference/can-could | L38: Baca pola pertanyaan can. | M38: Lesson 20: What Can You Do? | N38: https://learningenglish.voanews.com/a/lets-learn-english-lesson-20-what-can-you-do/3384429.html | O38: Jeda sebelum respons dan tebak jawabannya. Mulai dengan transkrip bila perlu, lalu coba tanpa teks. Ambil cuplikan bila panjang; total latihan 15 menit. | P38: Mainkan 6 tanya-jawab kemampuan. | Q38: Tulis dialog 8 baris mengenai keterampilan. | R38: Can mendahului subjek dalam pertanyaan. | S38: =Mulai!G6 -> 55 | T38: Ulang kata/frasa Day 32 dan Day 26. Tambahkan target hari ini; sesi review tidak perlu kata baru.
A39: 34 | B39: 2 | C39: Materi + praktik | D39: Meminta bantuan dengan sopan | E39: Meminta pengulangan dan bantuan. | F39: request | G39: ='Kamus Materi'!C29 -> Can you/Could you + kata kerja dasar digunakan untuk meminta bantuan. Could biasanya terasa lebih sopan, bukan selalu menunjukkan masa lalu. | H39: ='Kamus Materi'!D29 -> Could you repeat that, please? = Bisa tolong diulangi? | I39: please=tolong; repeat=ulangi; explain=jelaskan; slowly=perlahan; again=lagi | J39: 'can' and 'could' | K39: https://learnenglish.britishcouncil.org/free-resources/grammar/english-grammar-reference/can-could | L39: Baca can/could untuk request; pilih 3 pola. | M39: Lesson 47: How Can I help? | N39: https://learningenglish.voanews.com/a/lets-learn-english-lesson-47-how-can-i-help/3737352.html | O39: Dengar ungkapan menawarkan/meminta bantuan. Mulai dengan transkrip bila perlu, lalu coba tanpa teks. Ambil cuplikan bila panjang; total latihan 15 menit. | P39: Latih 5 permintaan yang relevan saat kerja. | Q39: Tulis 5 permintaan memakai can/could. | R39: Permintaan jelas dan memakai verb dasar. | S39: =Mulai!G6 -> 55 | T39: Ulang kata/frasa Day 33 dan Day 27. Tambahkan target hari ini; sesi review tidak perlu kata baru.
A40: 35 | B40: 2 | C40: Materi + praktik | D40: Instruksi sederhana | E40: Memberi 4 langkah instruksi. | F40: imperative | G40: ='Kamus Materi'!C30 -> Kalimat perintah memakai kata kerja dasar tanpa subjek yang disebutkan. Tambahkan please agar lebih sopan; Don't + verb untuk larangan. | H40: ='Kamus Materi'!D30 -> Please open the file. Don't close the tab. = Buka berkasnya. Jangan tutup tab. | I40: open=buka; close=tutup; click=klik; wait=tunggu; check=periksa | J40: Notes at work | K40: https://learnenglish.britishcouncil.org/free-resources/reading/a1/notes-work | L40: Baca notes at work; cari tindakan yang diminta. | M40: Lesson 25: Watch Out! | N40: https://learningenglish.voanews.com/a/lets-learn-english-lesson-25-watch-out/3431138.html | O40: Perhatikan instruksi atau peringatan. Mulai dengan transkrip bila perlu, lalu coba tanpa teks. Ambil cuplikan bila panjang; total latihan 15 menit. | P40: Jelaskan cara membuka situs dalam 4 langkah. | Q40: Tulis 5 instruksi dan 2 larangan. | R40: Instruksi dimulai dengan verb dasar. | S40: =Mulai!G6 -> 55 | T40: Ulang kata/frasa Day 34 dan Day 28. Tambahkan target hari ini; sesi review tidak perlu kata baru.
A41: 36 | B41: 2 | C41: Materi + praktik | D41: Hobi: like dan enjoy | E41: Menyampaikan hobi dengan pola -ing. | F41: like | G41: ='Kamus Materi'!C33 -> Like/love/enjoy dapat mengungkapkan kesukaan. Untuk aktivitas, latih like/love/enjoy + verb-ing; enjoy tidak diikuti to + verb. | H41: ='Kamus Materi'!D33 -> I enjoy reading. = Saya menikmati membaca. Bukan enjoy to read. | I41: like=suka; enjoy=menikmati; music=musik; reading=membaca; walking=berjalan | J41: Verbs followed by '-ing' or infinitive | K41: https://learnenglish.britishcouncil.org/free-resources/grammar/a1-a2/verbs-followed-ing-or-infinitive | L41: Baca verbs followed by -ing; fokus enjoy/like. | M41: Lesson 15: I Love People-Watching! | N41: https://learningenglish.voanews.com/a/lets-learn-english-lesson-15-i-love-people-watching/3343720.html | O41: Tangkap aktivitas yang sedang diamati. Mulai dengan transkrip bila perlu, lalu coba tanpa teks. Ambil cuplikan bila panjang; total latihan 15 menit. | P41: Ceritakan 3 hobi dan satu alasan sederhana. | Q41: Tulis 6 kalimat like/enjoy + noun/-ing. | R41: Tidak menggunakan enjoy to. | S41: =Mulai!G6 -> 55 | T41: Ulang kata/frasa Day 35 dan Day 29. Tambahkan target hari ini; sesi review tidak perlu kata baru.
A42: 37 | B42: 2 | C42: Review / evaluasi | D42: Review 5: kemampuan dan bantuan | E42: Menggunakan can, request, object, dan instruksi. | F42: review | G42: ='Kamus Materi'!C59 -> Active recall berarti mencoba mengingat tanpa melihat catatan. Spaced review adalah mengulang materi pada jeda berbeda; ulangi kesalahan lebih sering. | H42: ='Kamus Materi'!D59 -> Tutup catatan, sebutkan lima kata kemarin, kemudian periksa jawabannya. | I42: Ulang kata Day 31–36; tanpa kata baru. | J42: 'can' and 'could' | K42: https://learnenglish.britishcouncil.org/free-resources/grammar/english-grammar-reference/can-could | L42: Kerjakan 5 contoh can/could; baca ulang kesalahan. | M42: Lesson 20: What Can You Do? | N42: https://learningenglish.voanews.com/a/lets-learn-english-lesson-20-what-can-you-do/3384429.html | O42: Dengar kemampuan dan rangkum 3 poin. Mulai dengan transkrip bila perlu, lalu coba tanpa teks. Ambil cuplikan bila panjang; total latihan 15 menit. | P42: Role-play minta bantuan dan menjelaskan kemampuan, 1 menit. | Q42: Tulis 8 baris dialog kerja sederhana. | R42: Isi Evaluasi Day 37; rekam ulang 2 kalimat bermasalah. | S42: =Mulai!G6 -> 55 | T42: Ulang kata/frasa Day 36 dan Day 30. Tambahkan target hari ini; sesi review tidak perlu kata baru.
A43: 38 | B43: 2 | C43: Materi + praktik | D43: Sedang melakukan: am/is/are + ing | E43: Menyatakan kegiatan yang sedang berlangsung. | F43: continuous | G43: ='Kamus Materi'!C31 -> Am/is/are + verb-ing menyatakan aktivitas yang sedang berlangsung sekarang atau sekitar sekarang. Jangan hilangkan be. | H43: ='Kamus Materi'!D31 -> I am testing the page now. = Saya sedang menguji halaman sekarang. | I43: doing=sedang melakukan; working=sedang bekerja; eating=sedang makan; now=sekarang; listening=mendengarkan | J43: Present continuous | K43: https://learnenglish.britishcouncil.org/free-resources/grammar/english-grammar-reference/present-continuous | L43: Baca formation dan penggunaan now. | M43: Lesson 7: What Are You Doing? | N43: https://learningenglish.voanews.com/a/lets-learn-english-lesson-7-what-are-you-doing/3240468.html | O43: Amati siapa sedang melakukan apa. Mulai dengan transkrip bila perlu, lalu coba tanpa teks. Ambil cuplikan bila panjang; total latihan 15 menit. | P43: Deskripsikan 5 aktivitas yang dibayangkan. | Q43: Tulis 6 kalimat continuous. | R43: Setiap kalimat memiliki be + verb-ing. | S43: =Mulai!G6 -> 55 | T43: Ulang kata/frasa Day 37 dan Day 31. Tambahkan target hari ini; sesi review tidak perlu kata baru.
A44: 39 | B44: 2 | C44: Materi + praktik | D44: Negatif dan tanya continuous | E44: Menyangkal dan menanyakan kegiatan sekarang. | F44: continuous | G44: ='Kamus Materi'!C31 -> Am/is/are + verb-ing menyatakan aktivitas yang sedang berlangsung sekarang atau sekitar sekarang. Jangan hilangkan be. | H44: ='Kamus Materi'!D31 -> I am testing the page now. = Saya sedang menguji halaman sekarang. | I44: talking=berbicara; waiting=menunggu; playing=bermain; sitting=duduk; running=berlari | J44: Present continuous | K44: https://learnenglish.britishcouncil.org/free-resources/grammar/english-grammar-reference/present-continuous | L44: Baca questions dan negatives. | M44: Lesson 8: Are You Busy? | N44: https://learningenglish.voanews.com/a/lets-learn-english-lesson-8-are-you-busy/3253185.html | O44: Dengar pertanyaan kegiatan dan kesibukan. Mulai dengan transkrip bila perlu, lalu coba tanpa teks. Ambil cuplikan bila panjang; total latihan 15 menit. | P44: Mainkan 5 tanya-jawab what are you doing. | Q44: Tulis 4 pertanyaan dan 4 kalimat negatif. | R44: Be berpindah ke depan; not setelah be. | S44: =Mulai!G6 -> 55 | T44: Ulang kata/frasa Day 38 dan Day 32. Tambahkan target hari ini; sesi review tidak perlu kata baru.
A45: 40 | B45: 2 | C45: Materi + praktik | D45: Rutinitas vs sekarang | E45: Membedakan kebiasaan dan aktivitas sekarang. | F45: contrast | G45: ='Kamus Materi'!C32 -> Simple present menyoroti kebiasaan/fakta; present continuous menyoroti kegiatan yang sedang berlangsung. Pilih berdasarkan maksud, bukan hanya kata waktu. | H45: ='Kamus Materi'!D32 -> I work at home. I am working now. = Saya bekerja di rumah; sekarang sedang bekerja. | I45: usually=biasanya; today=hari ini; currently=saat ini; normally=biasanya; moment=saat | J45: Present continuous | K45: https://learnenglish.britishcouncil.org/free-resources/grammar/english-grammar-reference/present-continuous | L45: Bandingkan contoh simple/continuous yang relevan. | M45: Lesson 7: What Are You Doing? | N45: https://learningenglish.voanews.com/a/lets-learn-english-lesson-7-what-are-you-doing/3240468.html | O45: Tulis 3 aktivitas yang sedang dilakukan tokoh. Mulai dengan transkrip bila perlu, lalu coba tanpa teks. Ambil cuplikan bila panjang; total latihan 15 menit. | P45: Ucapkan 4 pasangan usually ... but now ... | Q45: Tulis 5 pasangan rutinitas vs sekarang. | R45: Pemilihan tense mengikuti makna. | S45: =Mulai!G6 -> 55 | T45: Ulang kata/frasa Day 39 dan Day 33. Tambahkan target hari ini; sesi review tidak perlu kata baru.
A46: 41 | B46: 2 | C46: Materi + praktik | D46: Membicarakan cuaca | E46: Mendeskripsikan cuaca dan kegiatan terkait. | F46: adjective | G46: ='Kamus Materi'!C17 -> Adjective adalah kata sifat yang menjelaskan orang atau benda. Biasanya berada sebelum noun atau setelah be; tidak berubah menjadi jamak. | H46: ='Kamus Materi'!D17 -> a small room; The room is small. = kamar kecil; Kamar itu kecil. | I46: rain=hujan; sunny=cerah; cloudy=berawan; windy=berangin; weather=cuaca | J46: Lesson 9: Is It Cold? | K46: https://learningenglish.voanews.com/a/lets-learn-english-lesson-9-is-it-cold/3261789.html | L46: Baca Conversation dan New Words yang terkait cuaca. | M46: Lesson 9: Is It Cold? | N46: https://learningenglish.voanews.com/a/lets-learn-english-lesson-9-is-it-cold/3261789.html | O46: Dengar kata cuaca; ulang bagian sulit. Mulai dengan transkrip bila perlu, lalu coba tanpa teks. Ambil cuplikan bila panjang; total latihan 15 menit. | P46: Laporan cuaca di kotamu 45 detik. | Q46: Tulis 6 kalimat cuaca dan kegiatan sekarang. | R46: Bedakan it is hot dan it is raining. | S46: =Mulai!G6 -> 55 | T46: Ulang kata/frasa Day 40 dan Day 34. Tambahkan target hari ini; sesi review tidak perlu kata baru.
A47: 42 | B47: 2 | C47: Materi + praktik | D47: Menggambarkan pakaian dan orang | E47: Menggambarkan pakaian dan warna. | F47: adjective | G47: ='Kamus Materi'!C17 -> Adjective adalah kata sifat yang menjelaskan orang atau benda. Biasanya berada sebelum noun atau setelah be; tidak berubah menjadi jamak. | H47: ='Kamus Materi'!D17 -> a small room; The room is small. = kamar kecil; Kamar itu kecil. | I47: shirt=kemeja; shoes=sepatu; wear=memakai; color=warna; long=panjang | J47: Lesson 14: How About This? | K47: https://learningenglish.voanews.com/a/lets-learn-english-lesson-14-how-about-this/3323771.html | L47: Baca Conversation; cari kata pakaian/deskripsi. | M47: Lesson 14: How About This? | N47: https://learningenglish.voanews.com/a/lets-learn-english-lesson-14-how-about-this/3323771.html | O47: Catat pilihan pakaian yang dibahas. Mulai dengan transkrip bila perlu, lalu coba tanpa teks. Ambil cuplikan bila panjang; total latihan 15 menit. | P47: Deskripsikan 3 orang fiktif tanpa menilai tubuh. | Q47: Tulis 6 kalimat wearing + deskripsi pakaian. | R47: Nama pakaian dan warna dapat dipahami. | S47: =Mulai!G6 -> 55 | T47: Ulang kata/frasa Day 41 dan Day 35. Tambahkan target hari ini; sesi review tidak perlu kata baru.
A48: 43 | B48: 2 | C48: Materi + praktik | D48: Arah dan lingkungan sekitar | E48: Memberi petunjuk lokasi sederhana. | F48: place | G48: ='Kamus Materi'!C20 -> Preposition of place menunjukkan lokasi. In umumnya di dalam/area; on di atas permukaan; at pada suatu titik atau tempat kegiatan. | H48: ='Kamus Materi'!D20 -> The mouse is on the desk. = Mouse ada di atas meja. | I48: street=jalan; left=kiri; right=kanan; straight=lurus; near=dekat | J48: Lesson 11: This Is My Neighborhood | K48: https://learningenglish.voanews.com/a/lets-learn-english-lesson-11-this-is-my-neighborhood/3293986.html | L48: Baca Conversation dan daftar tempat. | M48: Lesson 11: This Is My Neighborhood | N48: https://learningenglish.voanews.com/a/lets-learn-english-lesson-11-this-is-my-neighborhood/3293986.html | O48: Perhatikan tempat serta arah gerakan. Mulai dengan transkrip bila perlu, lalu coba tanpa teks. Ambil cuplikan bila panjang; total latihan 15 menit. | P48: Jelaskan rute rumah ke toko memakai lokasi fiktif. | Q48: Tulis 4–5 langkah rute sederhana. | R48: Ada titik awal dan tujuan yang jelas. | S48: =Mulai!G6 -> 55 | T48: Ulang kata/frasa Day 42 dan Day 36. Tambahkan target hari ini; sesi review tidak perlu kata baru.
A49: 44 | B49: 2 | C49: Review / evaluasi | D49: Review 6: aktivitas dan lokasi | E49: Menggabungkan continuous dan preposition. | F49: review | G49: ='Kamus Materi'!C59 -> Active recall berarti mencoba mengingat tanpa melihat catatan. Spaced review adalah mengulang materi pada jeda berbeda; ulangi kesalahan lebih sering. | H49: ='Kamus Materi'!D59 -> Tutup catatan, sebutkan lima kata kemarin, kemudian periksa jawabannya. | I49: Ulang kata Day 38–43; tanpa kata baru. | J49: Prepositions of place: 'in', 'on', 'at' | K49: https://learnenglish.britishcouncil.org/free-resources/grammar/a1-a2/prepositions-place | L49: Kerjakan 5 butir lokasi atau buat ulang contoh. | M49: Lesson 7: What Are You Doing? | N49: https://learningenglish.voanews.com/a/lets-learn-english-lesson-7-what-are-you-doing/3240468.html | O49: Tonton tanpa transkrip lalu cocokkan 5 detail. Mulai dengan transkrip bila perlu, lalu coba tanpa teks. Ambil cuplikan bila panjang; total latihan 15 menit. | P49: Deskripsikan ruangan, orang, dan aktivitas 1 menit. | Q49: Tulis 60 kata tentang keadaan hari ini. | R49: Isi Evaluasi Day 44; cek penggunaan be. | S49: =Mulai!G6 -> 55 | T49: Ulang kata/frasa Day 43 dan Day 37. Tambahkan target hari ini; sesi review tidak perlu kata baru.
A50: 45 | B50: 2 | C50: Materi + praktik | D50: Countable dan uncountable | E50: Membedakan benda satuan dan massa. | F50: count | G50: ='Kamus Materi'!C34 -> Countable noun dapat dihitung satuan (a book, two books). Uncountable noun diperlakukan sebagai massa (water, information); gunakan satuan seperti a glass of water. | H50: ='Kamus Materi'!D34 -> some water; two glasses of water = air; dua gelas air. | I50: rice=nasi/beras; water=air; bread=roti; bottle=botol; glass=gelas | J50: Nouns: countable and uncountable | K50: https://learnenglish.britishcouncil.org/free-resources/grammar/a1-a2/nouns-countable-uncountable | L50: Baca countable/uncountable; pilih 8 kata makanan. | M50: Lesson 35: Let’s Make Dinner! | N50: https://learningenglish.voanews.com/a/lets-learn-english-lesson-35-lets-make-dinner/3571922.html | O50: Dengar bahan makanan dan barang yang dibutuhkan. Mulai dengan transkrip bila perlu, lalu coba tanpa teks. Ambil cuplikan bila panjang; total latihan 15 menit. | P50: Sebut 5 makanan beserta satuan yang wajar. | Q50: Tulis 8 kata ke dua kategori dan 4 frasa satuan. | R50: Tidak memakai a water tanpa satuan yang dimaksud. | S50: =Mulai!G6 -> 55 | T50: Ulang kata/frasa Day 44 dan Day 38. Tambahkan target hari ini; sesi review tidak perlu kata baru.
A51: 46 | B51: 2 | C51: Materi + praktik | D51: Some dan any | E51: Menyatakan ketersediaan dan menanyakannya. | F51: some | G51: ='Kamus Materi'!C35 -> Some lazim dalam pernyataan positif; any lazim dalam pertanyaan dan negatif. Some juga sering digunakan pada tawaran atau permintaan tertentu. | H51: ='Kamus Materi'!D35 -> I have some rice. Do you have any eggs? = Saya punya nasi. Ada telur? | I51: some=sejumlah; any=sejumlah/apa pun sesuai konteks; milk=susu; egg=telur; sugar=gula | J51: Nouns: countable and uncountable | K51: https://learnenglish.britishcouncil.org/free-resources/grammar/a1-a2/nouns-countable-uncountable | L51: Baca contoh some/any dan catat pola. | M51: Lesson 35: Let’s Make Dinner! | N51: https://learningenglish.voanews.com/a/lets-learn-english-lesson-35-lets-make-dinner/3571922.html | O51: Cari bahan yang tersedia/tidak tersedia. Mulai dengan transkrip bila perlu, lalu coba tanpa teks. Ambil cuplikan bila panjang; total latihan 15 menit. | P51: Mainkan tanya-jawab isi dapur 6 giliran. | Q51: Tulis 3 positif, 3 negatif, 3 pertanyaan. | R51: Pola some/any tepat pada contoh dasar. | S51: =Mulai!G6 -> 55 | T51: Ulang kata/frasa Day 45 dan Day 39. Tambahkan target hari ini; sesi review tidak perlu kata baru.
A52: 47 | B52: 2 | C52: Materi + praktik | D52: How much, how many, harga | E52: Menanyakan jumlah dan harga. | F52: quantity | G52: ='Kamus Materi'!C36 -> Many dipakai dengan countable jamak; much dengan uncountable. How much juga menanyakan harga; a lot of dapat dipakai untuk keduanya. | H52: ='Kamus Materi'!D36 -> How many books? How much water? = Berapa buku? Berapa banyak air? | I52: much=banyak uncountable; many=banyak countable; price=harga; cheap=murah; expensive=mahal | J52: Nouns: countable and uncountable | K52: https://learnenglish.britishcouncil.org/free-resources/grammar/a1-a2/nouns-countable-uncountable | L52: Baca bagian much/many; gunakan contoh sendiri. | M52: Lesson 23: What Do You Want? | N52: https://learningenglish.voanews.com/a/lets-learn-english-lesson-23-what-do-you-want/3413753.html | O52: Dengar pesanan dan pilihan pembicara. Mulai dengan transkrip bila perlu, lalu coba tanpa teks. Ambil cuplikan bila panjang; total latihan 15 menit. | P52: Latih 6 pertanyaan harga/jumlah. | Q52: Tulis 3 how much dan 3 how many. | R52: Noun countable jamak mengikuti how many. | S52: =Mulai!G6 -> 55 | T52: Ulang kata/frasa Day 46 dan Day 40. Tambahkan target hari ini; sesi review tidak perlu kata baru.
A53: 48 | B53: 2 | C53: Materi + praktik | D53: Membaca menu dan memesan | E53: Menemukan menu/harga dan memesan sopan. | F53: want | G53: ='Kamus Materi'!C37 -> Want berarti ingin; need berarti perlu. Want/need + to + verb menyatakan tindakan yang diinginkan/diperlukan. Would like terdengar lebih sopan untuk meminta. | H53: ='Kamus Materi'!D37 -> I'd like some tea. I need to study. = Saya ingin teh. Saya perlu belajar. | I53: menu=menu; order=pesanan/memesan; chicken=ayam; soup=sup; tea=teh | J53: A restaurant menu | K53: https://learnenglish.britishcouncil.org/free-resources/reading/a1/restaurant-menu | L53: Baca menu; pilih 1 makanan dan 1 minuman; hitung total dari harga yang tercantum. | M53: Lesson 23: What Do You Want? | N53: https://learningenglish.voanews.com/a/lets-learn-english-lesson-23-what-do-you-want/3413753.html | O53: Tangkap frasa meminta makanan. Mulai dengan transkrip bila perlu, lalu coba tanpa teks. Ambil cuplikan bila panjang; total latihan 15 menit. | P53: Role-play pelanggan-pelayan 8 giliran. | Q53: Tulis pesanan 4 baris memakai I'd like. | R53: Pilihan, jumlah, dan permintaan jelas. | S53: =Mulai!G6 -> 55 | T53: Ulang kata/frasa Day 47 dan Day 41. Tambahkan target hari ini; sesi review tidak perlu kata baru.
A54: 49 | B54: 2 | C54: Materi + praktik | D54: Undangan dan respons | E54: Mengajak, menerima, atau menolak dengan sopan. | F54: request | G54: ='Kamus Materi'!C29 -> Can you/Could you + kata kerja dasar digunakan untuk meminta bantuan. Could biasanya terasa lebih sopan, bukan selalu menunjukkan masa lalu. | H54: ='Kamus Materi'!D29 -> Could you repeat that, please? = Bisa tolong diulangi? | I54: party=pesta; invite=mengundang; join=bergabung; come=datang; thanks=terima kasih | J54: A poster at work | K54: https://learnenglish.britishcouncil.org/free-resources/reading/a1/poster-work | L54: Baca poster; cari kegiatan, waktu, lokasi. | M54: Lesson 21: Can You Come to the Party? | N54: https://learningenglish.voanews.com/a/lets-learn-english-lesson-21-can-you-come-to-the-party/3406732.html | O54: Dengar ajakan dan alasan respons. Mulai dengan transkrip bila perlu, lalu coba tanpa teks. Ambil cuplikan bila panjang; total latihan 15 menit. | P54: Role-play 3 menerima dan 3 menolak ajakan. | Q54: Tulis undangan 40–50 kata. | R54: Undangan berisi kegiatan, waktu, tempat. | S54: =Mulai!G6 -> 55 | T54: Ulang kata/frasa Day 48 dan Day 42. Tambahkan target hari ini; sesi review tidak perlu kata baru.
A55: 50 | B55: 2 | C55: Materi + praktik | D55: Rencana lewat pesan | E55: Menyepakati waktu lewat chat. | F55: email | G55: ='Kamus Materi'!C60 -> Pesan efektif menyebut tujuan, detail penting, dan tindakan yang diharapkan. Email lebih formal dapat memakai sapaan dan penutup yang sopan. | H55: ='Kamus Materi'!D60 -> Hi Ana, could you check the page? Thank you. = Hai Ana, bisa cek halamannya? Terima kasih. | I55: meet=bertemu; available=tersedia/luang; schedule=jadwal; change=ubah; confirm=konfirmasi | J55: Text messages to a friend | K55: https://learnenglish.britishcouncil.org/free-resources/reading/a1/text-messages-friend | L55: Baca percakapan; catat rencana awal dan perubahan. | M55: Lesson 17: Are You Free on Friday? | N55: https://learningenglish.voanews.com/a/are-you-free-on-friday-lets-learn-english/3355785.html | O55: Dengar diskusi ketersediaan waktu. Mulai dengan transkrip bila perlu, lalu coba tanpa teks. Ambil cuplikan bila panjang; total latihan 15 menit. | P55: Mainkan negosiasi waktu 1 menit. | Q55: Tulis chat 8 baris mengatur sesi belajar. | R55: Ada waktu akhir yang disepakati. | S55: =Mulai!G6 -> 55 | T55: Ulang kata/frasa Day 49 dan Day 43. Tambahkan target hari ini; sesi review tidak perlu kata baru.
A56: 51 | B56: 2 | C56: Review / evaluasi | D56: Review 7: makan dan bertemu | E56: Menggunakan quantifier, pesanan, dan ajakan. | F56: review | G56: ='Kamus Materi'!C59 -> Active recall berarti mencoba mengingat tanpa melihat catatan. Spaced review adalah mengulang materi pada jeda berbeda; ulangi kesalahan lebih sering. | H56: ='Kamus Materi'!D59 -> Tutup catatan, sebutkan lima kata kemarin, kemudian periksa jawabannya. | I56: Ulang kata Day 45–50; tanpa kata baru. | J56: A restaurant menu | K56: https://learnenglish.britishcouncil.org/free-resources/reading/a1/restaurant-menu | L56: Temukan 5 informasi menu tanpa kamus dahulu. | M56: Lesson 21: Can You Come to the Party? | N56: https://learningenglish.voanews.com/a/lets-learn-english-lesson-21-can-you-come-to-the-party/3406732.html | O56: Catat 3 detail undangan dari video. Mulai dengan transkrip bila perlu, lalu coba tanpa teks. Ambil cuplikan bila panjang; total latihan 15 menit. | P56: Role-play pesan makanan lalu mengajak teman, 1 menit. | Q56: Tulis rencana makan bersama 60 kata. | R56: Isi Evaluasi Day 51; ulang quantifier yang salah. | S56: =Mulai!G6 -> 55 | T56: Ulang kata/frasa Day 50 dan Day 44. Tambahkan target hari ini; sesi review tidak perlu kata baru.
A57: 52 | B57: 2 | C57: Materi + praktik | D57: Want vs need | E57: Membedakan keinginan dan kebutuhan. | F57: want | G57: ='Kamus Materi'!C37 -> Want berarti ingin; need berarti perlu. Want/need + to + verb menyatakan tindakan yang diinginkan/diperlukan. Would like terdengar lebih sopan untuk meminta. | H57: ='Kamus Materi'!D37 -> I'd like some tea. I need to study. = Saya ingin teh. Saya perlu belajar. | I57: want=ingin; need=perlu; buy=membeli; save=menabung; learn=belajar | J57: Lesson 23: What Do You Want? | K57: https://learningenglish.voanews.com/a/lets-learn-english-lesson-23-what-do-you-want/3413753.html | L57: Baca Conversation; tandai ungkapan keinginan. | M57: Lesson 23: What Do You Want? | N57: https://learningenglish.voanews.com/a/lets-learn-english-lesson-23-what-do-you-want/3413753.html | O57: Catat keinginan tokoh tanpa menyalin dialog penuh. Mulai dengan transkrip bila perlu, lalu coba tanpa teks. Ambil cuplikan bila panjang; total latihan 15 menit. | P57: Jelaskan 3 want dan 3 need pribadi. | Q57: Tulis 6 kalimat want/need + noun atau to + verb. | R57: To hadir sebelum verb setelah want/need. | S57: =Mulai!G6 -> 55 | T57: Ulang kata/frasa Day 51 dan Day 45. Tambahkan target hari ini; sesi review tidak perlu kata baru.
A58: 53 | B58: 2 | C58: Materi + praktik | D58: Because, but, dan so | E58: Menghubungkan ide dengan alasan/kontras/akibat. | F58: sequence | G58: ='Kamus Materi'!C42 -> First, then, next, finally mengurutkan cerita. And menambah informasi; but memberi kontras; because memberi alasan; so menyatakan akibat. | H58: ='Kamus Materi'!D42 -> I was tired, so I rested. = Saya lelah, jadi saya beristirahat. | I58: because=karena; but=tetapi; so=jadi; reason=alasan; problem=masalah | J58: A message to a new friend | K58: https://learnenglish.britishcouncil.org/free-resources/reading/a2/message-new-friend | L58: Baca pesan dan lihat cara informasi dihubungkan. | M58: Lesson 27: I Can't Come In | N58: https://learningenglish.voanews.com/a/lets-learn-english-lesson-27-i-cant-come-in/3457316.html | O58: Dengar masalah dan alasan tidak dapat hadir. Mulai dengan transkrip bila perlu, lalu coba tanpa teks. Ambil cuplikan bila panjang; total latihan 15 menit. | P58: Berikan 4 alasan memakai because. | Q58: Tulis 6 kalimat gabungan dengan because/but/so. | R58: Hubungan antargagasan masuk akal. | S58: =Mulai!G6 -> 55 | T58: Ulang kata/frasa Day 52 dan Day 46. Tambahkan target hari ini; sesi review tidak perlu kata baru.
A59: 54 | B59: 2 | C59: Materi + praktik | D59: Membaca lowongan sederhana | E59: Mengambil 5 detail pekerjaan. | F59: reading | G59: ='Kamus Materi'!C56 -> Gist adalah gagasan umum; scanning mencari informasi tertentu; detail adalah fakta spesifik. Baca untuk tujuan tertentu sebelum menerjemahkan kata satu per satu. | H59: ='Kamus Materi'!D56 -> Gist: teks tentang pekerjaan. Detail: wawancara hari Senin pukul 10. | I59: job=pekerjaan; skill=keterampilan; apply=melamar; experience=pengalaman; hours=jam | J59: Job adverts | K59: https://learnenglish.britishcouncil.org/free-resources/reading/a1/job-adverts | L59: Baca 2 job adverts; cari peran, tugas, syarat, waktu, cara melamar. | M59: Lesson 19: When Do I Start? | N59: https://learningenglish.voanews.com/a/lets-learn-english-lesson-19-when-do-you-start/3357760.html | O59: Dengar informasi pekerjaan dan jadwal. Mulai dengan transkrip bila perlu, lalu coba tanpa teks. Ambil cuplikan bila panjang; total latihan 15 menit. | P59: Jelaskan satu pekerjaan dalam 45 detik. | Q59: Tulis 5 poin lowongan dengan kata sendiri. | R59: Pisahkan informasi teks dari tebakan. | S59: =Mulai!G6 -> 55 | T59: Ulang kata/frasa Day 53 dan Day 47. Tambahkan target hari ini; sesi review tidak perlu kata baru.
A60: 55 | B60: 2 | C60: Materi + praktik | D60: Pesan kerja sederhana | E60: Menulis pesan tugas dengan permintaan jelas. | F60: email | G60: ='Kamus Materi'!C60 -> Pesan efektif menyebut tujuan, detail penting, dan tindakan yang diharapkan. Email lebih formal dapat memakai sapaan dan penutup yang sopan. | H60: ='Kamus Materi'!D60 -> Hi Ana, could you check the page? Thank you. = Hai Ana, bisa cek halamannya? Terima kasih. | I60: file=berkas; page=halaman; fix=memperbaiki; send=mengirim; issue=masalah | J60: Notes at work | K60: https://learnenglish.britishcouncil.org/free-resources/reading/a1/notes-work | L60: Baca notes at work; cari tindakan yang diharapkan. | M60: Lesson 36: I Can Fix This! | N60: https://learningenglish.voanews.com/a/lets-learn-english-lesson-36-i-can-fix-this/3568962.html | O60: Dengar masalah dan usaha memperbaikinya. Mulai dengan transkrip bila perlu, lalu coba tanpa teks. Ambil cuplikan bila panjang; total latihan 15 menit. | P60: Minta teman mengecek file dalam 4 kalimat. | Q60: Tulis 3 pesan, masing-masing 2–3 kalimat. | R60: Setiap pesan punya tujuan dan tindakan. | S60: =Mulai!G6 -> 55 | T60: Ulang kata/frasa Day 54 dan Day 48. Tambahkan target hari ini; sesi review tidak perlu kata baru.
A61: 56 | B61: 2 | C61: Materi + praktik | D61: Membaca untuk gagasan dan detail | E61: Memahami isi umum sebelum menerjemahkan. | F61: reading | G61: ='Kamus Materi'!C56 -> Gist adalah gagasan umum; scanning mencari informasi tertentu; detail adalah fakta spesifik. Baca untuk tujuan tertentu sebelum menerjemahkan kata satu per satu. | H61: ='Kamus Materi'!D56 -> Gist: teks tentang pekerjaan. Detail: wawancara hari Senin pukul 10. | I61: main=utama; idea=gagasan; detail=rincian; country=negara; city=kota | J61: A message to a new friend | K61: https://learnenglish.britishcouncil.org/free-resources/reading/a2/message-new-friend | L61: Baca 1 kali untuk tema; 1 kali lagi untuk 5 detail. | M61: Lesson 16: Where Are You From? | N61: https://learningenglish.voanews.com/a/lets-learn-english-lesson-16-where-are-you-from/3355849.html | O61: Dengar asal orang; catat hanya informasi yang terdengar. Mulai dengan transkrip bila perlu, lalu coba tanpa teks. Ambil cuplikan bila panjang; total latihan 15 menit. | P61: Ringkas bacaan 4 kalimat. | Q61: Tulis tema + 5 detail; maksimal cari 5 kata di kamus. | R61: Tema dan minimal 4 detail akurat. | S61: =Mulai!G6 -> 55 | T61: Ulang kata/frasa Day 55 dan Day 49. Tambahkan target hari ini; sesi review tidak perlu kata baru.
A62: 57 | B62: 2 | C62: Materi + praktik | D62: Mini project: percakapan harian | E62: Memakai beberapa pola dalam percakapan utuh. | F62: shadow | G62: ='Kamus Materi'!C58 -> Shadowing ialah menirukan ujaran segera setelah pembicara. Intelligibility berarti ucapan dapat dipahami; tidak perlu meniru aksen secara sempurna. | H62: ='Kamus Materi'!D58 -> Putar satu kalimat → jeda → tirukan → rekam → bandingkan. | I62: Ulang frasa sapaan, lokasi, pesanan, dan undangan. | J62: Text messages to a friend | K62: https://learnenglish.britishcouncil.org/free-resources/reading/a1/text-messages-friend | L62: Baca chat sebagai contoh pergantian giliran bicara. | M62: Lesson 10: Come Over to My Place | N62: https://learningenglish.voanews.com/a/lets-learn-english-lesson-10/3285228.html | O62: Tirukan 5 potongan dialog dengan ritme wajar. Mulai dengan transkrip bila perlu, lalu coba tanpa teks. Ambil cuplikan bila panjang; total latihan 15 menit. | P62: Rekam dialog dua peran 90 detik. | Q62: Tulis naskah 10–12 baris, lalu kurangi bantuan naskah. | R62: Ada minimal 3 fungsi: menyapa, meminta, menutup. | S62: =Mulai!G6 -> 55 | T62: Ulang kata/frasa Day 56 dan Day 50. Tambahkan target hari ini; sesi review tidak perlu kata baru.
A63: 58 | B63: 2 | C63: Review / evaluasi | D63: Review 8: perbaikan kesalahan | E63: Memperbaiki 3 pola yang paling sering salah. | F63: review | G63: ='Kamus Materi'!C59 -> Active recall berarti mencoba mengingat tanpa melihat catatan. Spaced review adalah mengulang materi pada jeda berbeda; ulangi kesalahan lebih sering. | H63: ='Kamus Materi'!D59 -> Tutup catatan, sebutkan lima kata kemarin, kemudian periksa jawabannya. | I63: Pilih 10 kata yang masih tertukar Day 31–57. | J63: Present simple | K63: https://learnenglish.britishcouncil.org/free-resources/grammar/a1-a2/present-simple | L63: Baca kembali bagian grammar yang cocok dengan catatan kesalahan. | M63: Lesson 18: She Always Does That | N63: https://learningenglish.voanews.com/a/lets-learn-english-lesson-18-she-always-does-that/3357748.html | O63: Dengar ulang contoh yang sama untuk mengecek akhiran kata. Mulai dengan transkrip bila perlu, lalu coba tanpa teks. Ambil cuplikan bila panjang; total latihan 15 menit. | P63: Rekam ulang 6 kalimat yang sebelumnya salah. | Q63: Tulis salah → benar → alasan untuk 5 kalimat. | R63: Isi Evaluasi Day 58; catat perubahan. | S63: =Mulai!G6 -> 55 | T63: Ulang kata/frasa Day 57 dan Day 51. Tambahkan target hari ini; sesi review tidak perlu kata baru.
A64: 59 | B64: 2 | C64: Materi + praktik | D64: Latihan integrasi A1 | E64: Menggabungkan baca, dengar, bicara, tulis. | F64: reading | G64: ='Kamus Materi'!C56 -> Gist adalah gagasan umum; scanning mencari informasi tertentu; detail adalah fakta spesifik. Baca untuk tujuan tertentu sebelum menerjemahkan kata satu per satu. | H64: ='Kamus Materi'!D56 -> Gist: teks tentang pekerjaan. Detail: wawancara hari Senin pukul 10. | I64: Ulang kosakata kerja dan kemampuan. | J64: Job adverts | K64: https://learnenglish.britishcouncil.org/free-resources/reading/a1/job-adverts | L64: Baca satu lowongan yang belum dipakai; jawab 5 detail. | M64: Lesson 20: What Can You Do? | N64: https://learningenglish.voanews.com/a/lets-learn-english-lesson-20-what-can-you-do/3384429.html | O64: Dengar kemampuan tokoh tanpa teks; cocokkan transkrip. Mulai dengan transkrip bila perlu, lalu coba tanpa teks. Ambil cuplikan bila panjang; total latihan 15 menit. | P64: Perkenalkan diri untuk pekerjaan fiktif 90 detik. | Q64: Tulis 70 kata profil dan kemampuan nyata. | R64: Jawaban tidak hanya menyalin teks. | S64: =Mulai!G6 -> 55 | T64: Ulang kata/frasa Day 58 dan Day 52. Tambahkan target hari ini; sesi review tidak perlu kata baru.
A65: 60 | B65: 2 | C65: Review / evaluasi | D65: Checkpoint bulan 2: situasi nyata | E65: Menilai percakapan dasar dan pemahaman pesan. | F65: rubric | G65: ='Kamus Materi'!C63 -> Rubrik adalah kriteria penilaian yang sama dari waktu ke waktu. Nilai latihan ini hanya alat belajar, bukan skor TOEFL atau sertifikasi CEFR. | H65: ='Kamus Materi'!D63 -> Bandingkan rekaman awal dan akhir: apakah pesan lebih lengkap dan mudah dipahami? | I65: Review 20 kata paling sulit bulan 2. | J65: A message to a new friend | K65: https://learnenglish.britishcouncil.org/free-resources/reading/a2/message-new-friend | L65: Baca pesan; jawab 5 pertanyaan buatan sendiri lalu cek. | M65: Lesson 21: Can You Come to the Party? | N65: https://learningenglish.voanews.com/a/lets-learn-english-lesson-21-can-you-come-to-the-party/3406732.html | O65: Catat siapa, acara, waktu, masalah, respons dari video jika ada. Mulai dengan transkrip bila perlu, lalu coba tanpa teks. Ambil cuplikan bila panjang; total latihan 15 menit. | P65: Role-play ajakan dan permintaan bantuan 90 detik. | Q65: Tulis pesan rencana pertemuan 70 kata. | R65: Isi Evaluasi Day 60; jangan klaim sudah A2 dari nilai ini. | S65: =Mulai!G6 -> 55 | T65: Ulang kata/frasa Day 59 dan Day 53. Tambahkan target hari ini; sesi review tidak perlu kata baru.
A66: 61 | B66: 3 | C66: Materi + praktik | D66: Was dan were | E66: Menyatakan keadaan/lokasi masa lalu. | F66: pastbe | G66: ='Kamus Materi'!C38 -> Was/were adalah bentuk lampau be: I/he/she/it was; you/we/they were. Negatif memakai not; pertanyaan menempatkan was/were sebelum subjek. | H66: ='Kamus Materi'!D38 -> I was busy yesterday. Were you at home? = Kemarin saya sibuk. Kamu di rumah? | I66: yesterday=kemarin; last=lalu; was=be lampau tunggal; were=be lampau jamak/you; ago=yang lalu | J66: Past simple | K66: https://learnenglish.britishcouncil.org/free-resources/grammar/english-grammar-reference/past-simple | L66: Baca past be; bandingkan am/is/are dengan was/were. | M66: Lesson 24: Yesterday Was Amazing! | N66: https://learningenglish.voanews.com/a/lets-learn-english-lesson-24-yesterday-was-amazing/3439164.html | O66: Dengar pengalaman kemarin. Mulai dengan transkrip bila perlu, lalu coba tanpa teks. Ambil cuplikan bila panjang; total latihan 15 menit. | P66: Ceritakan 5 keadaan kemarin. | Q66: Tulis 6 kalimat was/were. | R66: Subjek cocok dengan was/were. | S66: =Mulai!G6 -> 55 | T66: Ulang kata/frasa Day 60 dan Day 54. Tambahkan target hari ini; sesi review tidak perlu kata baru.
A67: 62 | B67: 3 | C67: Materi + praktik | D67: Wasn't, weren't, pertanyaan lampau | E67: Bertanya dan menyangkal keadaan lampau. | F67: pastbe | G67: ='Kamus Materi'!C38 -> Was/were adalah bentuk lampau be: I/he/she/it was; you/we/they were. Negatif memakai not; pertanyaan menempatkan was/were sebelum subjek. | H67: ='Kamus Materi'!D38 -> I was busy yesterday. Were you at home? = Kemarin saya sibuk. Kamu di rumah? | I67: together=bersama; away=pergi/tidak di tempat; sick=sakit; well=sehat/baik; before=sebelum | J67: Past simple | K67: https://learnenglish.britishcouncil.org/free-resources/grammar/english-grammar-reference/past-simple | L67: Baca questions/negatives khusus be. | M67: Lesson 24: Yesterday Was Amazing! | N67: https://learningenglish.voanews.com/a/lets-learn-english-lesson-24-yesterday-was-amazing/3439164.html | O67: Jeda pada pertanyaan keadaan lampau. Mulai dengan transkrip bila perlu, lalu coba tanpa teks. Ambil cuplikan bila panjang; total latihan 15 menit. | P67: Latih 5 tanya-jawab were you/was she. | Q67: Tulis 4 negatif dan 4 pertanyaan. | R67: Tidak menggunakan did dengan was/were. | S67: =Mulai!G6 -> 55 | T67: Ulang kata/frasa Day 61 dan Day 55. Tambahkan target hari ini; sesi review tidak perlu kata baru.
A68: 63 | B68: 3 | C68: Materi + praktik | D68: Past simple: kata kerja -ed | E68: Menceritakan 5 kegiatan selesai. | F68: past | G68: ='Kamus Materi'!C39 -> Simple past menceritakan kejadian yang selesai di masa lalu. Banyak kata kerja beraturan menambah -ed/-d; bentuknya sama untuk semua subjek. | H68: ='Kamus Materi'!D39 -> I cleaned my room yesterday. = Kemarin saya membersihkan kamar. | I68: worked=bekerja lampau; studied=belajar lampau; cleaned=membersihkan lampau; watched=menonton lampau; visited=mengunjungi lampau | J68: Past simple | K68: https://learnenglish.britishcouncil.org/free-resources/grammar/english-grammar-reference/past-simple | L68: Baca regular verbs dan aturan ejaan awal. | M68: Lesson 28: I Passed It! | N68: https://learningenglish.voanews.com/a/lets-learn-english-lesson-28-i-passed-it/3487865.html | O68: Dengar kata kerja lampau pada cerita. Mulai dengan transkrip bila perlu, lalu coba tanpa teks. Ambil cuplikan bila panjang; total latihan 15 menit. | P68: Ceritakan kegiatan kemarin 45 detik. | Q68: Tulis 6 kalimat lampau beraturan. | R68: Kegiatan memiliki konteks masa lalu. | S68: =Mulai!G6 -> 55 | T68: Ulang kata/frasa Day 62 dan Day 56. Tambahkan target hari ini; sesi review tidak perlu kata baru.
A69: 64 | B69: 3 | C69: Materi + praktik | D69: Bunyi akhir -ed | E69: Mendengar bahwa -ed tidak selalu dibaca satu suku kata tambahan. | F69: shadow | G69: ='Kamus Materi'!C58 -> Shadowing ialah menirukan ujaran segera setelah pembicara. Intelligibility berarti ucapan dapat dipahami; tidak perlu meniru aksen secara sempurna. | H69: ='Kamus Materi'!D58 -> Putar satu kalimat → jeda → tirukan → rekam → bandingkan. | I69: wanted=ingin lampau; needed=perlu lampau; helped=membantu lampau; played=bermain lampau; ended=berakhir lampau | J69: Past simple | K69: https://learnenglish.britishcouncil.org/free-resources/grammar/english-grammar-reference/past-simple | L69: Baca contoh regular verbs; cocokkan bentuk tertulis dengan audio video. | M69: Lesson 28: I Passed It! | N69: https://learningenglish.voanews.com/a/lets-learn-english-lesson-28-i-passed-it/3487865.html | O69: Pilih 5 kata -ed yang benar-benar terdengar; tirukan dari audio. Mulai dengan transkrip bila perlu, lalu coba tanpa teks. Ambil cuplikan bila panjang; total latihan 15 menit. | P69: Rekam 5 kata dalam kalimat; fokus kejelasan, bukan aksen. | Q69: Kelompokkan kata yang kamu dengar: /t/, /d/, /id/; cek kamus audio bila ragu. | R69: Bisa meniru 3 kata -ed dari sumber. | S69: =Mulai!G6 -> 55 | T69: Ulang kata/frasa Day 63 dan Day 57. Tambahkan target hari ini; sesi review tidak perlu kata baru.
A70: 65 | B70: 3 | C70: Materi + praktik | D70: Past simple: irregular verbs | E70: Menggunakan 5 kata kerja tak beraturan. | F70: irregular | G70: ='Kamus Materi'!C40 -> Kata kerja tidak beraturan memiliki bentuk lampau khusus, misalnya go→went, eat→ate, make→made. Pelajari dalam kalimat, bukan hanya daftar. | H70: ='Kamus Materi'!D40 -> I made a website last week. = Minggu lalu saya membuat situs web. | I70: went=pergi lampau; ate=makan lampau; saw=melihat lampau; made=membuat lampau; had=punya/mengalami lampau | J70: Past simple | K70: https://learnenglish.britishcouncil.org/free-resources/grammar/english-grammar-reference/past-simple | L70: Baca daftar irregular verbs; pilih hanya 5 target. | M70: Lesson 29: A Long Time Ago | N70: https://learningenglish.voanews.com/a/lets-learn-english-lesson-29-a-long-time-ago/3509519.html | O70: Catat bentuk lampau dalam cerita. Mulai dengan transkrip bila perlu, lalu coba tanpa teks. Ambil cuplikan bila panjang; total latihan 15 menit. | P70: Ceritakan akhir pekan memakai 5 verb target. | Q70: Tulis 5 pasang bentuk dasar-lampau dalam kalimat. | R70: Minimal 4 bentuk lampau tepat. | S70: =Mulai!G6 -> 55 | T70: Ulang kata/frasa Day 64 dan Day 58. Tambahkan target hari ini; sesi review tidak perlu kata baru.
A71: 66 | B71: 3 | C71: Materi + praktik | D71: Did dan didn't | E71: Bertanya kegiatan lampau dengan verb dasar. | F71: did | G71: ='Kamus Materi'!C41 -> Did membantu pertanyaan atau negatif simple past. Setelah did/didn't, gunakan bentuk dasar. Be lampau menggunakan was/were, bukan did be. | H71: ='Kamus Materi'!D41 -> Did you finish? I didn't finish. = Sudah selesai? Saya belum/tidak selesai. | I71: did=kata bantu lampau; finish=selesai; pass=lulus; fail=gagal; try=mencoba | J71: Past simple | K71: https://learnenglish.britishcouncil.org/free-resources/grammar/english-grammar-reference/past-simple | L71: Baca questions/negatives past simple. | M71: Lesson 28: I Passed It! | N71: https://learningenglish.voanews.com/a/lets-learn-english-lesson-28-i-passed-it/3487865.html | O71: Cari pertanyaan/hasil kegiatan yang selesai. Mulai dengan transkrip bila perlu, lalu coba tanpa teks. Ambil cuplikan bila panjang; total latihan 15 menit. | P71: Mainkan 6 tanya-jawab tentang kemarin. | Q71: Tulis 3 pertanyaan dan 3 negatif. | R71: Tidak menulis did went/didn't worked. | S71: =Mulai!G6 -> 55 | T71: Ulang kata/frasa Day 65 dan Day 59. Tambahkan target hari ini; sesi review tidak perlu kata baru.
A72: 67 | B72: 3 | C72: Review / evaluasi | D72: Review 9: cerita kemarin | E72: Menggabungkan was/were, -ed, irregular, did. | F72: review | G72: ='Kamus Materi'!C59 -> Active recall berarti mencoba mengingat tanpa melihat catatan. Spaced review adalah mengulang materi pada jeda berbeda; ulangi kesalahan lebih sering. | H72: ='Kamus Materi'!D59 -> Tutup catatan, sebutkan lima kata kemarin, kemudian periksa jawabannya. | I72: Ulang kata Day 61–66; tanpa kata baru. | J72: Past simple | K72: https://learnenglish.britishcouncil.org/free-resources/grammar/english-grammar-reference/past-simple | L72: Ulang latihan past simple atau koreksi 6 contoh buatan sendiri. | M72: Lesson 24: Yesterday Was Amazing! | N72: https://learningenglish.voanews.com/a/lets-learn-english-lesson-24-yesterday-was-amazing/3439164.html | O72: Tonton ulang; catat urutan 4 kejadian. Mulai dengan transkrip bila perlu, lalu coba tanpa teks. Ambil cuplikan bila panjang; total latihan 15 menit. | P72: Rekam cerita kemarin 90 detik. | Q72: Tulis 80 kata cerita kemarin. | R72: Isi Evaluasi Day 67; cek verb setelah did. | S72: =Mulai!G6 -> 55 | T72: Ulang kata/frasa Day 66 dan Day 60. Tambahkan target hari ini; sesi review tidak perlu kata baru.
A73: 68 | B73: 3 | C73: Materi + praktik | D73: Penanda waktu lampau | E73: Menempatkan cerita pada waktu yang jelas. | F73: past | G73: ='Kamus Materi'!C39 -> Simple past menceritakan kejadian yang selesai di masa lalu. Banyak kata kerja beraturan menambah -ed/-d; bentuknya sama untuk semua subjek. | H73: ='Kamus Materi'!D39 -> I cleaned my room yesterday. = Kemarin saya membersihkan kamar. | I73: last week=minggu lalu; ago=yang lalu; then=lalu; once=sekali/pernah; childhood=masa kecil | J73: Lesson 29: A Long Time Ago | K73: https://learningenglish.voanews.com/a/lets-learn-english-lesson-29-a-long-time-ago/3509519.html | L73: Baca Conversation; tandai ungkapan masa lalu. | M73: Lesson 29: A Long Time Ago | N73: https://learningenglish.voanews.com/a/lets-learn-english-lesson-29-a-long-time-ago/3509519.html | O73: Dengar waktu dan urutan kejadian. Mulai dengan transkrip bila perlu, lalu coba tanpa teks. Ambil cuplikan bila panjang; total latihan 15 menit. | P73: Ceritakan 3 peristiwa dengan waktu berbeda. | Q73: Tulis 6 kalimat dengan penanda waktu lampau. | R73: Tidak mencampur now dengan kejadian selesai tanpa alasan. | S73: =Mulai!G6 -> 55 | T73: Ulang kata/frasa Day 67 dan Day 61. Tambahkan target hari ini; sesi review tidak perlu kata baru.
A74: 69 | B74: 3 | C74: Materi + praktik | D74: First, then, finally | E74: Menyusun cerita yang mudah diikuti. | F74: sequence | G74: ='Kamus Materi'!C42 -> First, then, next, finally mengurutkan cerita. And menambah informasi; but memberi kontras; because memberi alasan; so menyatakan akibat. | H74: ='Kamus Materi'!D42 -> I was tired, so I rested. = Saya lelah, jadi saya beristirahat. | I74: first=pertama; then=kemudian; next=selanjutnya; finally=akhirnya; after=setelah | J74: An email from a friend | K74: https://learnenglish.britishcouncil.org/free-resources/reading/a2/email-friend | L74: Baca email; tandai urutan aktivitas yang disebut. | M74: Lesson 30: Rolling on the River | N74: https://learningenglish.voanews.com/a/lets-learn-english-lesson-30-rolling-river/3522798.html | O74: Tangkap urutan perjalanan/kejadian. Mulai dengan transkrip bila perlu, lalu coba tanpa teks. Ambil cuplikan bila panjang; total latihan 15 menit. | P74: Ceritakan 5 langkah kegiatan akhir pekan. | Q74: Tulis cerita 80 kata memakai 3 connector. | R74: Cerita memiliki awal, tengah, akhir. | S74: =Mulai!G6 -> 55 | T74: Ulang kata/frasa Day 68 dan Day 62. Tambahkan target hari ini; sesi review tidak perlu kata baru.
A75: 70 | B75: 3 | C75: Materi + praktik | D75: Email tentang akhir pekan | E75: Menulis email santai tentang pengalaman. | F75: email | G75: ='Kamus Materi'!C60 -> Pesan efektif menyebut tujuan, detail penting, dan tindakan yang diharapkan. Email lebih formal dapat memakai sapaan dan penutup yang sopan. | H75: ='Kamus Materi'!D60 -> Hi Ana, could you check the page? Thank you. = Hai Ana, bisa cek halamannya? Terima kasih. | I75: weekend=akhir pekan; trip=perjalanan; enjoyed=menikmati lampau; interesting=menarik; fun=menyenangkan | J75: An email from a friend | K75: https://learnenglish.britishcouncil.org/free-resources/reading/a2/email-friend | L75: Baca email untuk struktur; ubah isi ke pengalamanmu, bukan salin. | M75: Lesson 28: I Passed It! | N75: https://learningenglish.voanews.com/a/lets-learn-english-lesson-28-i-passed-it/3487865.html | O75: Dengar cara menyampaikan hasil pengalaman. Mulai dengan transkrip bila perlu, lalu coba tanpa teks. Ambil cuplikan bila panjang; total latihan 15 menit. | P75: Ringkas akhir pekan dalam 1 menit. | Q75: Tulis email 80–90 kata dengan sapaan dan penutup. | R75: Past tense konsisten untuk pengalaman selesai. | S75: =Mulai!G6 -> 55 | T75: Ulang kata/frasa Day 69 dan Day 63. Tambahkan target hari ini; sesi review tidak perlu kata baru.
A76: 71 | B76: 3 | C76: Materi + praktik | D76: Going to untuk rencana | E76: Menyatakan rencana yang sudah dipikirkan. | F76: going | G76: ='Kamus Materi'!C43 -> Am/is/are + going to + verb menyatakan rencana atau prediksi berdasarkan bukti. Tetap sertakan be sebelum going to. | H76: ='Kamus Materi'!D43 -> I am going to study tonight. = Saya berencana belajar malam ini. | I76: plan=rencana; next=berikutnya; summer=musim panas; travel=bepergian; practice=berlatih | J76: Talking about the future | K76: https://learnenglish.britishcouncil.org/free-resources/grammar/english-grammar-reference/talking-about-future | L76: Baca bagian going to saja. | M76: Lesson 22: Next Summer... | N76: https://learningenglish.voanews.com/a/lets-learn-english-lesson-22/3397314.html | O76: Catat rencana yang disampaikan. Mulai dengan transkrip bila perlu, lalu coba tanpa teks. Ambil cuplikan bila panjang; total latihan 15 menit. | P76: Sebut 5 rencana minggu depan. | Q76: Tulis 6 kalimat be going to. | R76: Be tidak hilang sebelum going to. | S76: =Mulai!G6 -> 55 | T76: Ulang kata/frasa Day 70 dan Day 64. Tambahkan target hari ini; sesi review tidak perlu kata baru.
A77: 72 | B77: 3 | C77: Materi + praktik | D77: Going to: negatif dan pertanyaan | E77: Bertanya rencana dan menyatakan yang tidak direncanakan. | F77: going | G77: ='Kamus Materi'!C43 -> Am/is/are + going to + verb menyatakan rencana atau prediksi berdasarkan bukti. Tetap sertakan be sebelum going to. | H77: ='Kamus Materi'!D43 -> I am going to study tonight. = Saya berencana belajar malam ini. | I77: tonight=malam ini; soon=segera; later=nanti; prepare=menyiapkan; decide=memutuskan | J77: Talking about the future | K77: https://learnenglish.britishcouncil.org/free-resources/grammar/english-grammar-reference/talking-about-future | L77: Baca ulang pola going to; buat bentuk tanya/negatif sendiri. | M77: Lesson 22: Next Summer... | N77: https://learningenglish.voanews.com/a/lets-learn-english-lesson-22/3397314.html | O77: Jeda sebelum jawaban rencana. Mulai dengan transkrip bila perlu, lalu coba tanpa teks. Ambil cuplikan bila panjang; total latihan 15 menit. | P77: Latih 5 tanya-jawab what are you going to do. | Q77: Tulis 3 pertanyaan dan 3 negatif. | R77: Susunan be + subject + going to tepat. | S77: =Mulai!G6 -> 55 | T77: Ulang kata/frasa Day 71 dan Day 65. Tambahkan target hari ini; sesi review tidak perlu kata baru.
A78: 73 | B78: 3 | C78: Materi + praktik | D78: Will untuk keputusan dan janji | E78: Membedakan rencana dari keputusan spontan sederhana. | F78: will | G78: ='Kamus Materi'!C44 -> Will + kata kerja dasar dapat menyatakan keputusan spontan, janji, atau prediksi. Won't adalah will not. Makna masa depan juga bisa memakai bentuk lain. | H78: ='Kamus Materi'!D44 -> I will send the file. = Saya akan mengirim berkasnya. | I78: will=akan; promise=janji; send=mengirim; call=menelepon; probably=mungkin besar | J78: Talking about the future | K78: https://learnenglish.britishcouncil.org/free-resources/grammar/english-grammar-reference/talking-about-future | L78: Baca will untuk keputusan/prediksi; fokus 2 penggunaan. | M78: Lesson 34: What Will I Do? | N78: https://learningenglish.voanews.com/a/lets-learn-english-lesson-34-what-will-i-do/3566043.html | O78: Dengar keputusan mengenai kegiatan selanjutnya. Mulai dengan transkrip bila perlu, lalu coba tanpa teks. Ambil cuplikan bila panjang; total latihan 15 menit. | P78: Beri 5 respons spontan memakai I'll. | Q78: Tulis 6 kalimat will/won't. | R78: Setelah will memakai verb dasar. | S78: =Mulai!G6 -> 55 | T78: Ulang kata/frasa Day 72 dan Day 66. Tambahkan target hari ini; sesi review tidak perlu kata baru.
A79: 74 | B79: 3 | C79: Review / evaluasi | D79: Review 10: kemarin dan besok | E79: Membedakan cerita lampau dan rencana. | F79: review | G79: ='Kamus Materi'!C59 -> Active recall berarti mencoba mengingat tanpa melihat catatan. Spaced review adalah mengulang materi pada jeda berbeda; ulangi kesalahan lebih sering. | H79: ='Kamus Materi'!D59 -> Tutup catatan, sebutkan lima kata kemarin, kemudian periksa jawabannya. | I79: Ulang kata Day 68–73; tanpa kata baru. | J79: An email from a friend | K79: https://learnenglish.britishcouncil.org/free-resources/reading/a2/email-friend | L79: Baca email; tandai ungkapan waktu, lalu tulis versi kemarin/besok. | M79: Lesson 34: What Will I Do? | N79: https://learningenglish.voanews.com/a/lets-learn-english-lesson-34-what-will-i-do/3566043.html | O79: Catat 3 keputusan atau prediksi. Mulai dengan transkrip bila perlu, lalu coba tanpa teks. Ambil cuplikan bila panjang; total latihan 15 menit. | P79: Ceritakan kemarin 45 detik + besok 45 detik. | Q79: Tulis 90 kata terbagi pengalaman dan rencana. | R79: Isi Evaluasi Day 74; cek waktu pada tiap paragraf. | S79: =Mulai!G6 -> 55 | T79: Ulang kata/frasa Day 73 dan Day 67. Tambahkan target hari ini; sesi review tidak perlu kata baru.
A80: 75 | B80: 3 | C80: Materi + praktik | D80: Menyusun jadwal minggu depan | E80: Menyampaikan jadwal dan mengonfirmasi waktu. | F80: going | G80: ='Kamus Materi'!C43 -> Am/is/are + going to + verb menyatakan rencana atau prediksi berdasarkan bukti. Tetap sertakan be sebelum going to. | H80: ='Kamus Materi'!D43 -> I am going to study tonight. = Saya berencana belajar malam ini. | I80: appointment=janji temu; meeting=rapat; deadline=tenggat; calendar=kalender; reschedule=jadwalkan ulang | J80: A study timetable | K80: https://learnenglish.britishcouncil.org/free-resources/reading/a1/study-timetable | L80: Baca timetable; buat versi minggu depan sendiri. | M80: Lesson 17: Are You Free on Friday? | N80: https://learningenglish.voanews.com/a/are-you-free-on-friday-lets-learn-english/3355785.html | O80: Dengar waktu luang dan ajakan. Mulai dengan transkrip bila perlu, lalu coba tanpa teks. Ambil cuplikan bila panjang; total latihan 15 menit. | P80: Role-play menyepakati waktu 1 menit. | Q80: Tulis 5 agenda dan 3 kalimat going to. | R80: Hari, jam, dan kegiatan jelas. | S80: =Mulai!G6 -> 55 | T80: Ulang kata/frasa Day 74 dan Day 68. Tambahkan target hari ini; sesi review tidak perlu kata baru.
A81: 76 | B81: 3 | C81: Materi + praktik | D81: Comparative: -er dan than | E81: Membandingkan dua benda sederhana. | F81: compare | G81: ='Kamus Materi'!C45 -> Comparative membandingkan dua hal: small→smaller, useful→more useful; good→better. Gunakan than untuk menyebut pembanding. | H81: ='Kamus Materi'!D45 -> This page is faster than that page. = Halaman ini lebih cepat daripada halaman itu. | I81: faster=lebih cepat; smaller=lebih kecil; cheaper=lebih murah; older=lebih tua; than=daripada | J81: Comparative adjectives | K81: https://learnenglish.britishcouncil.org/free-resources/grammar/a1-a2/comparative-adjectives | L81: Baca adjective pendek + er dan irregular better. | M81: Lesson 38: She's My Best Friend! | N81: https://learningenglish.voanews.com/a/lets-learn-english-lesson-38-shes-my-best-friend/3591967.html | O81: Cari deskripsi/perbandingan orang; pakai untuk konteks sendiri. Mulai dengan transkrip bila perlu, lalu coba tanpa teks. Ambil cuplikan bila panjang; total latihan 15 menit. | P81: Bandingkan dua laptop fiktif memakai 5 kalimat. | Q81: Tulis 6 perbandingan dengan than. | R81: Tidak memakai more faster. | S81: =Mulai!G6 -> 55 | T81: Ulang kata/frasa Day 75 dan Day 69. Tambahkan target hari ini; sesi review tidak perlu kata baru.
A82: 77 | B82: 3 | C82: Materi + praktik | D82: More useful, better, worse | E82: Memilih more + adjective atau bentuk khusus. | F82: compare | G82: ='Kamus Materi'!C45 -> Comparative membandingkan dua hal: small→smaller, useful→more useful; good→better. Gunakan than untuk menyebut pembanding. | H82: ='Kamus Materi'!D45 -> This page is faster than that page. = Halaman ini lebih cepat daripada halaman itu. | I82: useful=berguna; difficult=sulit; easier=lebih mudah; better=lebih baik; worse=lebih buruk | J82: Comparative adjectives | K82: https://learnenglish.britishcouncil.org/free-resources/grammar/a1-a2/comparative-adjectives | L82: Baca long adjectives dan bentuk irregular. | M82: Lesson 37: Let's Agree to Disagree | N82: https://learningenglish.voanews.com/a/lets-learn-english-lesson-37-lets-agree-to-disagree/3574029.html | O82: Dengar perbedaan pendapat; ubah menjadi perbandingan sendiri. Mulai dengan transkrip bila perlu, lalu coba tanpa teks. Ambil cuplikan bila panjang; total latihan 15 menit. | P82: Jelaskan pilihan antara dua desain 1 menit. | Q82: Tulis 6 perbandingan dan satu alasan tiap pasangan. | R82: More tidak digabung dengan bentuk -er. | S82: =Mulai!G6 -> 55 | T82: Ulang kata/frasa Day 76 dan Day 70. Tambahkan target hari ini; sesi review tidak perlu kata baru.
A83: 78 | B83: 3 | C83: Materi + praktik | D83: Superlative: yang paling | E83: Menyebut pilihan paling dalam 3 opsi. | F83: super | G83: ='Kamus Materi'!C46 -> Superlative menunjukkan yang paling dalam suatu kelompok: the smallest, the most useful; good→the best. Tidak sama dengan perbandingan dua hal. | H83: ='Kamus Materi'!D46 -> This is the best option for me. = Ini pilihan terbaik untuk saya. | I83: best=terbaik; worst=terburuk; biggest=terbesar; smallest=terkecil; most=paling | J83: Lesson 38: She's My Best Friend! | K83: https://learningenglish.voanews.com/a/lets-learn-english-lesson-38-shes-my-best-friend/3591967.html | L83: Baca Conversation; cari ungkapan best. | M83: Lesson 38: She's My Best Friend! | N83: https://learningenglish.voanews.com/a/lets-learn-english-lesson-38-shes-my-best-friend/3591967.html | O83: Dengar alasan seseorang disebut best friend. Mulai dengan transkrip bila perlu, lalu coba tanpa teks. Ambil cuplikan bila panjang; total latihan 15 menit. | P83: Bandingkan 3 opsi fiktif dalam 6 kalimat. | Q83: Tulis 5 superlative dengan kelompok pembanding. | R83: Bedakan better than dan the best. | S83: =Mulai!G6 -> 55 | T83: Ulang kata/frasa Day 77 dan Day 71. Tambahkan target hari ini; sesi review tidak perlu kata baru.
A84: 79 | B84: 3 | C84: Materi + praktik | D84: Membandingkan pilihan bacaan | E84: Mengambil data teks untuk memilih opsi. | F84: reading | G84: ='Kamus Materi'!C56 -> Gist adalah gagasan umum; scanning mencari informasi tertentu; detail adalah fakta spesifik. Baca untuk tujuan tertentu sebelum menerjemahkan kata satu per satu. | H84: ='Kamus Materi'!D56 -> Gist: teks tentang pekerjaan. Detail: wawancara hari Senin pukul 10. | I84: venue=tempat acara; capacity=kapasitas; location=lokasi; cost=biaya; suitable=cocok | J84: Choosing a conference venue | K84: https://learnenglish.britishcouncil.org/free-resources/reading/a2/choosing-conference-venue | L84: Baca 2 venue adverts; catat harga/fasilitas/kapasitas yang benar-benar tersedia. | M84: Lesson 37: Let's Agree to Disagree | N84: https://learningenglish.voanews.com/a/lets-learn-english-lesson-37-lets-agree-to-disagree/3574029.html | O84: Dengar cara setuju/tidak setuju. Mulai dengan transkrip bila perlu, lalu coba tanpa teks. Ambil cuplikan bila panjang; total latihan 15 menit. | P84: Jelaskan pilihan tempat dalam 1 menit. | Q84: Tulis alasan 80 kata memakai 3 perbandingan. | R84: Pilihan didukung minimal 2 fakta sumber. | S84: =Mulai!G6 -> 55 | T84: Ulang kata/frasa Day 78 dan Day 72. Tambahkan target hari ini; sesi review tidak perlu kata baru.
A85: 80 | B85: 3 | C85: Materi + praktik | D85: I think, agree, disagree | E85: Menyampaikan pendapat dengan alasan sopan. | F85: opinion | G85: ='Kamus Materi'!C55 -> I think memperkenalkan pendapat; because memberi alasan. I agree/I disagree menunjukkan persetujuan atau perbedaan dengan sopan. | H85: ='Kamus Materi'!D55 -> I think this design is clear because it is simple. = Menurut saya desain ini jelas karena sederhana. | I85: think=berpikir/menurut; agree=setuju; disagree=tidak setuju; prefer=lebih suka; opinion=pendapat | J85: Lesson 37: Let's Agree to Disagree | K85: https://learningenglish.voanews.com/a/lets-learn-english-lesson-37-lets-agree-to-disagree/3574029.html | L85: Baca Conversation; pilih 3 ungkapan setuju/tidak. | M85: Lesson 37: Let's Agree to Disagree | N85: https://learningenglish.voanews.com/a/lets-learn-english-lesson-37-lets-agree-to-disagree/3574029.html | O85: Perhatikan nada ketika berbeda pendapat. Mulai dengan transkrip bila perlu, lalu coba tanpa teks. Ambil cuplikan bila panjang; total latihan 15 menit. | P85: Sampaikan pendapat tentang 3 kebiasaan belajar. | Q85: Tulis 6 kalimat pendapat beserta because. | R85: Alasan sesuai pendapat, tanpa harus benar secara universal. | S85: =Mulai!G6 -> 55 | T85: Ulang kata/frasa Day 79 dan Day 73. Tambahkan target hari ini; sesi review tidak perlu kata baru.
A86: 81 | B86: 3 | C86: Review / evaluasi | D86: Review 11: memilih dan menjelaskan | E86: Menggabungkan rencana, perbandingan, dan alasan. | F86: review | G86: ='Kamus Materi'!C59 -> Active recall berarti mencoba mengingat tanpa melihat catatan. Spaced review adalah mengulang materi pada jeda berbeda; ulangi kesalahan lebih sering. | H86: ='Kamus Materi'!D59 -> Tutup catatan, sebutkan lima kata kemarin, kemudian periksa jawabannya. | I86: Ulang kata Day 75–80; tanpa kata baru. | J86: Comparative adjectives | K86: https://learnenglish.britishcouncil.org/free-resources/grammar/a1-a2/comparative-adjectives | L86: Ulangi latihan comparative; catat bentuk yang salah. | M86: Lesson 38: She's My Best Friend! | N86: https://learningenglish.voanews.com/a/lets-learn-english-lesson-38-shes-my-best-friend/3591967.html | O86: Dengar ulang dan rangkum deskripsi tokoh. Mulai dengan transkrip bila perlu, lalu coba tanpa teks. Ambil cuplikan bila panjang; total latihan 15 menit. | P86: Rekomendasikan 1 dari 3 opsi fiktif selama 90 detik. | Q86: Tulis 90 kata pilihan dan rencana penggunaannya. | R86: Isi Evaluasi Day 81; cek than dan the. | S86: =Mulai!G6 -> 55 | T86: Ulang kata/frasa Day 80 dan Day 74. Tambahkan target hari ini; sesi review tidak perlu kata baru.
A87: 82 | B87: 3 | C87: Materi + praktik | D87: Adverb: slowly, carefully, well | E87: Menjelaskan cara melakukan kegiatan. | F87: adverb | G87: ='Kamus Materi'!C47 -> Keterangan cara menjelaskan bagaimana tindakan dilakukan. Banyak yang berakhiran -ly, tetapi ada bentuk khusus seperti well dan fast. | H87: ='Kamus Materi'!D47 -> Please speak slowly. = Tolong bicara perlahan. | I87: slowly=perlahan; carefully=dengan hati-hati; quickly=dengan cepat; well=dengan baik; clearly=dengan jelas | J87: Lesson 40: The Woods Are Alive | K87: https://learningenglish.voanews.com/a/lets-learn-english-lesson-40-the-woods-are-alive/3630341.html | L87: Baca Conversation; cari keterangan cara jika muncul, lalu pakai contoh Kamus Materi. | M87: Lesson 40: The Woods Are Alive | N87: https://learningenglish.voanews.com/a/lets-learn-english-lesson-40-the-woods-are-alive/3630341.html | O87: Tirukan 5 kalimat dengan tekanan kata yang jelas. Mulai dengan transkrip bila perlu, lalu coba tanpa teks. Ambil cuplikan bila panjang; total latihan 15 menit. | P87: Beri 5 instruksi plus keterangan cara. | Q87: Tulis 6 kalimat dengan adverb. | R87: Bedakan good sebagai sifat dan well sebagai cara. | S87: =Mulai!G6 -> 55 | T87: Ulang kata/frasa Day 81 dan Day 75. Tambahkan target hari ini; sesi review tidak perlu kata baru.
A88: 83 | B88: 3 | C88: Materi + praktik | D88: Should untuk saran | E88: Memberi saran sederhana tanpa menyatakan kewajiban. | F88: should | G88: ='Kamus Materi'!C48 -> Should + verb dasar memberi saran; shouldn't menyarankan agar tidak melakukan sesuatu. Ini tidak sekuat kewajiban. | H88: ='Kamus Materi'!D48 -> You should take a break. = Sebaiknya kamu beristirahat. | I88: should=sebaiknya; rest=istirahat; healthy=sehat; break=jeda; exercise=olahraga | J88: Lesson 44: Making Healthy Choices | K88: https://learningenglish.voanews.com/a/lets-learn-english-lesson-44-making-healthy-choices/3688552.html | L88: Baca Conversation; tandai saran/pilihan sehat. | M88: Lesson 44: Making Healthy Choices | N88: https://learningenglish.voanews.com/a/lets-learn-english-lesson-44-making-healthy-choices/3688552.html | O88: Dengar ungkapan memberi saran. Mulai dengan transkrip bila perlu, lalu coba tanpa teks. Ambil cuplikan bila panjang; total latihan 15 menit. | P88: Beri 5 saran belajar untuk teman fiktif. | Q88: Tulis 5 should dan 3 shouldn't. | R88: Should diikuti verb dasar. | S88: =Mulai!G6 -> 55 | T88: Ulang kata/frasa Day 82 dan Day 76. Tambahkan target hari ini; sesi review tidak perlu kata baru.
A89: 84 | B89: 3 | C89: Materi + praktik | D89: Must dan have to | E89: Membedakan wajib, dilarang, dan tidak wajib. | F89: must | G89: ='Kamus Materi'!C49 -> Must dan have to menyatakan kewajiban. Mustn't berarti dilarang; don't have to berarti tidak wajib, bukan dilarang. | H89: ='Kamus Materi'!D49 -> You mustn't share passwords. You don't have to print it. = Dilarang berbagi kata sandi; tidak wajib mencetak. | I89: must=harus; rule=aturan; allowed=diizinkan; password=kata sandi; permission=izin | J89: Lesson 46: May I Borrow That? | K89: https://learningenglish.voanews.com/a/lets-learn-english-lesson-46-may-i-borrow-that/3723588.html | L89: Baca Conversation sebagai konteks izin; pelajari perbedaan makna di Kamus Materi. | M89: Lesson 46: May I Borrow That? | N89: https://learningenglish.voanews.com/a/lets-learn-english-lesson-46-may-i-borrow-that/3723588.html | O89: Dengar cara meminta izin meminjam. Mulai dengan transkrip bila perlu, lalu coba tanpa teks. Ambil cuplikan bila panjang; total latihan 15 menit. | P89: Sampaikan 3 aturan akun kerja fiktif. | Q89: Tulis 2 must, 2 mustn't, 2 don't have to. | R89: Paham don't have to bukan larangan. | S89: =Mulai!G6 -> 55 | T89: Ulang kata/frasa Day 83 dan Day 77. Tambahkan target hari ini; sesi review tidak perlu kata baru.
A90: 85 | B90: 3 | C90: Materi + praktik | D90: Past continuous: was doing | E90: Menyatakan aktivitas yang sedang berlangsung di masa lalu. | F90: pastcont | G90: ='Kamus Materi'!C50 -> Was/were + verb-ing menggambarkan aktivitas yang sedang berlangsung pada suatu waktu lampau; simple past dapat menyela latar aktivitas itu. | H90: ='Kamus Materi'!D50 -> I was studying when you called. = Saya sedang belajar ketika kamu menelepon. | I90: while=sementara/ketika; called=menelepon lampau; happened=terjadi lampau; suddenly=tiba-tiba; interrupted=menyela lampau | J90: Past continuous and past simple | K90: https://learnenglish.britishcouncil.org/free-resources/grammar/a1-a2/past-continuous-past-simple | L90: Baca past continuous formation. | M90: Lesson 42: I Was Minding My Own Business | N90: https://learningenglish.voanews.com/a/lets-learn-english-lesson-42-i-was-minding-my-own-business/3647264.html | O90: Dengar kegiatan latar sebelum kejadian lain. Mulai dengan transkrip bila perlu, lalu coba tanpa teks. Ambil cuplikan bila panjang; total latihan 15 menit. | P90: Ceritakan yang dilakukan kemarin pukul 19.00. | Q90: Tulis 6 kalimat was/were + ing. | R90: Was/were dan -ing hadir bersama. | S90: =Mulai!G6 -> 55 | T90: Ulang kata/frasa Day 84 dan Day 78. Tambahkan target hari ini; sesi review tidak perlu kata baru.
A91: 86 | B91: 3 | C91: Materi + praktik | D91: When: kejadian yang menyela | E91: Menghubungkan latar aktivitas dan kejadian singkat. | F91: pastcont | G91: ='Kamus Materi'!C50 -> Was/were + verb-ing menggambarkan aktivitas yang sedang berlangsung pada suatu waktu lampau; simple past dapat menyela latar aktivitas itu. | H91: ='Kamus Materi'!D50 -> I was studying when you called. = Saya sedang belajar ketika kamu menelepon. | I91: when=ketika; arrived=tiba lampau; rang=berdering lampau; stopped=berhenti lampau; during=selama | J91: Past continuous and past simple | K91: https://learnenglish.britishcouncil.org/free-resources/grammar/a1-a2/past-continuous-past-simple | L91: Baca contoh past continuous + past simple. | M91: Lesson 42: I Was Minding My Own Business | N91: https://learningenglish.voanews.com/a/lets-learn-english-lesson-42-i-was-minding-my-own-business/3647264.html | O91: Urutkan aktivitas latar dan kejadian dalam video. Mulai dengan transkrip bila perlu, lalu coba tanpa teks. Ambil cuplikan bila panjang; total latihan 15 menit. | P91: Buat 4 cerita mini when. | Q91: Tulis 5 kalimat I was ... when ... | R91: Tense membedakan latar dan kejadian. | S91: =Mulai!G6 -> 55 | T91: Ulang kata/frasa Day 85 dan Day 79. Tambahkan target hari ini; sesi review tidak perlu kata baru.
A92: 87 | B92: 3 | C92: Materi + praktik | D92: Cerita masalah dan solusi | E92: Menceritakan masalah dan cara menyelesaikannya. | F92: sequence | G92: ='Kamus Materi'!C42 -> First, then, next, finally mengurutkan cerita. And menambah informasi; but memberi kontras; because memberi alasan; so menyatakan akibat. | H92: ='Kamus Materi'!D42 -> I was tired, so I rested. = Saya lelah, jadi saya beristirahat. | I92: broken=rusak; error=kesalahan; solution=solusi; solved=memecahkan lampau; tested=menguji lampau | J92: Notes at work | K92: https://learnenglish.britishcouncil.org/free-resources/reading/a1/notes-work | L92: Baca notes; ambil pola pesan tindakan untuk versi ceritamu. | M92: Lesson 36: I Can Fix This! | N92: https://learningenglish.voanews.com/a/lets-learn-english-lesson-36-i-can-fix-this/3568962.html | O92: Catat masalah, usaha, dan hasil yang ditampilkan. Mulai dengan transkrip bila perlu, lalu coba tanpa teks. Ambil cuplikan bila panjang; total latihan 15 menit. | P92: Ceritakan bug sederhana 90 detik dengan bahasa dasar. | Q92: Tulis 90 kata masalah → tindakan → hasil. | R92: Cerita memiliki 3 bagian dan konteks waktu. | S92: =Mulai!G6 -> 55 | T92: Ulang kata/frasa Day 86 dan Day 80. Tambahkan target hari ini; sesi review tidak perlu kata baru.
A93: 88 | B93: 3 | C93: Review / evaluasi | D93: Review 12: saran, aturan, dan cerita | E93: Memilih should/must dan tenses lampau. | F93: review | G93: ='Kamus Materi'!C59 -> Active recall berarti mencoba mengingat tanpa melihat catatan. Spaced review adalah mengulang materi pada jeda berbeda; ulangi kesalahan lebih sering. | H93: ='Kamus Materi'!D59 -> Tutup catatan, sebutkan lima kata kemarin, kemudian periksa jawabannya. | I93: Ulang kata Day 82–87; tanpa kata baru. | J93: Past continuous and past simple | K93: https://learnenglish.britishcouncil.org/free-resources/grammar/a1-a2/past-continuous-past-simple | L93: Kerjakan ulang latihan past continuous/past simple. | M93: Lesson 42: I Was Minding My Own Business | N93: https://learningenglish.voanews.com/a/lets-learn-english-lesson-42-i-was-minding-my-own-business/3647264.html | O93: Catat 4 detail video lalu cek. Mulai dengan transkrip bila perlu, lalu coba tanpa teks. Ambil cuplikan bila panjang; total latihan 15 menit. | P93: Ceritakan masalah lalu beri saran, 90 detik. | Q93: Tulis 6 kalimat cerita + 4 saran/aturan. | R93: Isi Evaluasi Day 88; cek makna modal. | S93: =Mulai!G6 -> 55 | T93: Ulang kata/frasa Day 87 dan Day 81. Tambahkan target hari ini; sesi review tidak perlu kata baru.
A94: 89 | B94: 3 | C94: Materi + praktik | D94: Mini project: pengalaman dan rencana | E94: Menghubungkan pengalaman, pelajaran, dan rencana baru. | F94: sequence | G94: ='Kamus Materi'!C42 -> First, then, next, finally mengurutkan cerita. And menambah informasi; but memberi kontras; because memberi alasan; so menyatakan akibat. | H94: ='Kamus Materi'!D42 -> I was tired, so I rested. = Saya lelah, jadi saya beristirahat. | I94: backup=cadangan; change=perubahan; next time=lain kali; improve=memperbaiki; result=hasil | J94: An email from a friend | K94: https://learnenglish.britishcouncil.org/free-resources/reading/a2/email-friend | L94: Baca email sebagai model struktur informasi. | M94: Lesson 43: Time for Plan B | N94: https://learningenglish.voanews.com/a/lets-learn-english-lesson-43-time-for-plan-b/3666458.html | O94: Dengar rencana alternatif dan alasan mengubahnya. Mulai dengan transkrip bila perlu, lalu coba tanpa teks. Ambil cuplikan bila panjang; total latihan 15 menit. | P94: Presentasi mini 2 menit: pengalaman dan langkah berikutnya. | Q94: Tulis 100 kata dengan lampau dan going to. | R94: Perubahan tense sesuai perubahan waktu. | S94: =Mulai!G6 -> 55 | T94: Ulang kata/frasa Day 88 dan Day 82. Tambahkan target hari ini; sesi review tidak perlu kata baru.
A95: 90 | B95: 3 | C95: Review / evaluasi | D95: Checkpoint bulan 3: cerita utuh | E95: Memeriksa cerita lampau, rencana, perbandingan. | F95: rubric | G95: ='Kamus Materi'!C63 -> Rubrik adalah kriteria penilaian yang sama dari waktu ke waktu. Nilai latihan ini hanya alat belajar, bukan skor TOEFL atau sertifikasi CEFR. | H95: ='Kamus Materi'!D63 -> Bandingkan rekaman awal dan akhir: apakah pesan lebih lengkap dan mudah dipahami? | I95: Review 20 kata paling sulit bulan 3. | J95: Choosing a conference venue | K95: https://learnenglish.britishcouncil.org/free-resources/reading/a2/choosing-conference-venue | L95: Baca venue adverts; ringkas 5 fakta tanpa menambah data. | M95: Lesson 43: Time for Plan B | N95: https://learningenglish.voanews.com/a/lets-learn-english-lesson-43-time-for-plan-b/3666458.html | O95: Dengar video; tulis masalah dan rencana alternatif. Mulai dengan transkrip bila perlu, lalu coba tanpa teks. Ambil cuplikan bila panjang; total latihan 15 menit. | P95: Ceritakan pengalaman + pilihan + rencana, 2 menit. | Q95: Tulis 100 kata dan periksa 5 kesalahan sendiri. | R95: Isi Evaluasi Day 90; kembali ke pola dasar bila perlu. | S95: =Mulai!G6 -> 55 | T95: Ulang kata/frasa Day 89 dan Day 83. Tambahkan target hari ini; sesi review tidak perlu kata baru.
A96: 91 | B96: 4 | C96: Materi + praktik | D96: Present perfect: pengenalan hasil | E96: Mengenali have/has + V3 tanpa harus langsung mahir. | F96: perfect | G96: ='Kamus Materi'!C51 -> Have/has + past participle menghubungkan pengalaman/hasil masa lalu dengan sekarang. Untuk waktu lampau yang sudah spesifik seperti yesterday, biasanya gunakan simple past. | H96: ='Kamus Materi'!D51 -> I have finished the task. = Saya sudah menyelesaikan tugasnya. | I96: finished=selesai; started=mulai; done=melakukan V3; seen=melihat V3; been=be V3 | J96: Present perfect | K96: https://learnenglish.britishcouncil.org/free-resources/grammar/english-grammar-reference/present-perfect | L96: Baca present perfect untuk hasil/pengalaman; abaikan bagian lanjutan. | M96: Lesson 48: Have You Ever ...? | N96: https://learningenglish.voanews.com/a/lets-learn-english-lesson-48-have-you-ever/3753664.html | O96: Cari have/has + bentuk ketiga. Mulai dengan transkrip bila perlu, lalu coba tanpa teks. Ambil cuplikan bila panjang; total latihan 15 menit. | P96: Ucapkan 5 hal yang sudah dikerjakan. | Q96: Tulis 5 present perfect dan arti sederhananya. | R96: Paham beda have sebagai kata bantu dan kepemilikan. | S96: =Mulai!G6 -> 55 | T96: Ulang kata/frasa Day 90 dan Day 84. Tambahkan target hari ini; sesi review tidak perlu kata baru.
A97: 92 | B97: 4 | C97: Materi + praktik | D97: Have you ever ...? Never | E97: Bertanya pengalaman tanpa waktu lampau spesifik. | F97: ever | G97: ='Kamus Materi'!C52 -> Ever dalam pertanyaan pengalaman berarti pernah; never berarti belum/tidak pernah. Untuk pola ini gunakan have/has + past participle. | H97: ='Kamus Materi'!D52 -> Have you ever built an app? = Pernah membuat aplikasi? | I97: ever=pernah; never=tidak pernah; visited=mengunjungi V3; tried=mencoba V3; built=membangun V3 | J97: Present perfect | K97: https://learnenglish.britishcouncil.org/free-resources/grammar/english-grammar-reference/present-perfect | L97: Baca ever/never dan contoh pengalaman. | M97: Lesson 48: Have You Ever ...? | N97: https://learningenglish.voanews.com/a/lets-learn-english-lesson-48-have-you-ever/3753664.html | O97: Dengar pertanyaan pengalaman. Mulai dengan transkrip bila perlu, lalu coba tanpa teks. Ambil cuplikan bila panjang; total latihan 15 menit. | P97: Mainkan 6 tanya-jawab pengalaman nyata. | Q97: Tulis 4 ever dan 4 never. | R97: Tidak menggabungkan yesterday dengan pola pengalaman ini. | S97: =Mulai!G6 -> 55 | T97: Ulang kata/frasa Day 91 dan Day 85. Tambahkan target hari ini; sesi review tidak perlu kata baru.
A98: 93 | B98: 4 | C98: Materi + praktik | D98: Present perfect vs simple past | E98: Membedakan pengalaman umum dari kejadian bertanggal. | F98: perfect | G98: ='Kamus Materi'!C51 -> Have/has + past participle menghubungkan pengalaman/hasil masa lalu dengan sekarang. Untuk waktu lampau yang sudah spesifik seperti yesterday, biasanya gunakan simple past. | H98: ='Kamus Materi'!D51 -> I have finished the task. = Saya sudah menyelesaikan tugasnya. | I98: already=sudah; yet=belum/sudah dalam tanya; recently=baru-baru ini; completed=menyelesaikan; project=proyek | J98: Present perfect | K98: https://learnenglish.britishcouncil.org/free-resources/grammar/english-grammar-reference/present-perfect | L98: Baca perbandingan dengan finished past time. | M98: Lesson 48: Have You Ever ...? | N98: https://learningenglish.voanews.com/a/lets-learn-english-lesson-48-have-you-ever/3753664.html | O98: Cari pengalaman umum; buat lanjutan kapan terjadi sendiri. Mulai dengan transkrip bila perlu, lalu coba tanpa teks. Ambil cuplikan bila panjang; total latihan 15 menit. | P98: Jawab pernah/tidak, kemudian ceritakan kapan dengan past. | Q98: Tulis 4 pasangan pengalaman + waktu spesifik. | R98: Waktu spesifik memakai past simple. | S98: =Mulai!G6 -> 55 | T98: Ulang kata/frasa Day 92 dan Day 86. Tambahkan target hari ini; sesi review tidak perlu kata baru.
A99: 94 | B99: 4 | C99: Materi + praktik | D99: For dan since | E99: Membedakan durasi dan titik awal. | F99: since | G99: ='Kamus Materi'!C53 -> Dalam present perfect, for menyatakan durasi; since titik awal. Jangan gunakan since untuk jumlah durasi. | H99: ='Kamus Materi'!D53 -> I have lived here for two years, since 2024. = Sudah dua tahun, sejak 2024. | I99: for=selama; since=sejak; month=bulan; year=tahun; habit=kebiasaan | J99: Present perfect | K99: https://learnenglish.britishcouncil.org/free-resources/grammar/english-grammar-reference/present-perfect | L99: Baca present perfect untuk keadaan yang berlanjut. | M99: Lesson 51: A Good Habit | N99: https://learningenglish.voanews.com/a/lets-learn-english-lesson-51-a-good-habit/3773577.html | O99: Dengar kebiasaan dan perubahan; fokus bukan menghafal seluruh grammar video. Mulai dengan transkrip bila perlu, lalu coba tanpa teks. Ambil cuplikan bila panjang; total latihan 15 menit. | P99: Sebut 4 durasi kegiatan/keadaan yang masih berlanjut. | Q99: Tulis 3 for dan 3 since memakai keadaan seperti live/study. | R99: Since diikuti titik awal, for durasi. | S99: =Mulai!G6 -> 55 | T99: Ulang kata/frasa Day 93 dan Day 87. Tambahkan target hari ini; sesi review tidak perlu kata baru.
A100: 95 | B100: 4 | C100: Materi + praktik | D100: Belajar kosakata dalam frasa | E100: Menggunakan kamus untuk arti dan jenis kata. | F100: purpose | G100: ='Kamus Materi'!C54 -> To + kata kerja dasar dapat menjelaskan tujuan, yaitu untuk melakukan sesuatu. Bedakan dari to sebagai preposition di pola lain. | H100: ='Kamus Materi'!D54 -> I study English to read documentation. = Saya belajar Inggris untuk membaca dokumentasi. | I100: word=kata; meaning=arti; noun=kata benda; verb=kata kerja; phrase=frasa | J100: Dictionary definitions | K100: https://learnenglish.britishcouncil.org/free-resources/reading/a1/dictionary-definitions | L100: Baca dictionary definitions; identifikasi noun/verb. | M100: Lesson 50: Back to School | N100: https://learningenglish.voanews.com/a/lets-learn-english-lesson-50-back-to-school/3771173.html | O100: Dengar kosakata sekolah; pilih 5 frasa. Mulai dengan transkrip bila perlu, lalu coba tanpa teks. Ambil cuplikan bila panjang; total latihan 15 menit. | P100: Ucapkan 5 kata target dalam kalimat, bukan terpisah. | Q100: Buat 5 entri: kata, arti, jenis, contoh pribadi. | R100: Contoh sesuai jenis kata dan arti. | S100: =Mulai!G6 -> 55 | T100: Ulang kata/frasa Day 94 dan Day 88. Tambahkan target hari ini; sesi review tidak perlu kata baru.
A101: 96 | B101: 4 | C101: Materi + praktik | D101: Skimming dan scanning | E101: Memilih informasi kursus yang relevan. | F101: reading | G101: ='Kamus Materi'!C56 -> Gist adalah gagasan umum; scanning mencari informasi tertentu; detail adalah fakta spesifik. Baca untuk tujuan tertentu sebelum menerjemahkan kata satu per satu. | H101: ='Kamus Materi'!D56 -> Gist: teks tentang pekerjaan. Detail: wawancara hari Senin pukul 10. | I101: course=kursus; level=tingkat; duration=durasi; requirement=persyaratan; fee=biaya | J101: English course prospectus | K101: https://learnenglish.britishcouncil.org/free-resources/reading/a2/english-course-prospectus | L101: Baca prospectus 1 kali untuk tema, lalu cari level, jadwal, durasi yang tersedia. | M101: Lesson 50: Back to School | N101: https://learningenglish.voanews.com/a/lets-learn-english-lesson-50-back-to-school/3771173.html | O101: Dengar konteks belajar dan catat 3 informasi. Mulai dengan transkrip bila perlu, lalu coba tanpa teks. Ambil cuplikan bila panjang; total latihan 15 menit. | P101: Jelaskan pilihan kursus 1 menit. | Q101: Tulis ringkasan 70–90 kata, maksimal cek 5 kata. | R101: Bedakan fakta tertulis dan informasi yang tidak ada. | S101: =Mulai!G6 -> 55 | T101: Ulang kata/frasa Day 95 dan Day 89. Tambahkan target hari ini; sesi review tidak perlu kata baru.
A102: 97 | B102: 4 | C102: Review / evaluasi | D102: Review 13: pengalaman dan membaca | E102: Menguatkan perfect dasar dan strategi membaca. | F102: review | G102: ='Kamus Materi'!C59 -> Active recall berarti mencoba mengingat tanpa melihat catatan. Spaced review adalah mengulang materi pada jeda berbeda; ulangi kesalahan lebih sering. | H102: ='Kamus Materi'!D59 -> Tutup catatan, sebutkan lima kata kemarin, kemudian periksa jawabannya. | I102: Ulang kata Day 91–96; tanpa kata baru. | J102: Present perfect | K102: https://learnenglish.britishcouncil.org/free-resources/grammar/english-grammar-reference/present-perfect | L102: Ulang 5 contoh present perfect; jelaskan pemilihannya. | M102: Lesson 48: Have You Ever ...? | N102: https://learningenglish.voanews.com/a/lets-learn-english-lesson-48-have-you-ever/3753664.html | O102: Dengar ulang pengalaman tanpa transkrip dahulu. Coba tanpa teks dahulu, kemudian cek transkrip dan ulang bagian sulit. Ambil cuplikan bila panjang; total latihan 15 menit. | P102: Wawancara pengalaman 2 menit. | Q102: Tulis 100 kata pengalaman tanpa memaksakan semua tense. | R102: Isi Evaluasi Day 97; perfect boleh tetap tahap pengenalan. | S102: =Mulai!G6 -> 55 | T102: Ulang kata/frasa Day 96 dan Day 90. Tambahkan target hari ini; sesi review tidak perlu kata baru.
...

Sheet Kamus Materi
A1: KAMUS MATERI
A3: 58 istilah dan pola dalam bahasa Indonesia. Contoh dibuat khusus untuk latihan; sumber pendamping memberi konteks tambahan.
A5: ID konsep | B5: Istilah / pola | C5: Pengertian sederhana | D5: Contoh dan arti | E5: URL pendamping | F5: Level pemakaian
A6: alphabet | B6: Alphabet & spelling | C6: Alphabet adalah kumpulan huruf. Spelling berarti menyebut huruf penyusun kata; nama huruf tidak selalu sama dengan bunyinya di dalam kata. | D6: My name is Sam. S-A-M. = Nama saya Sam, dieja S-A-M. | E6: https://learningenglish.voanews.com/a/lets-learn-english-lesson-one/3111026.html | F6: Dasar / strategi
A7: greeting | B7: Greetings & introduction | C7: Greeting berarti sapaan. Introduction adalah perkenalan singkat yang menyampaikan nama dan informasi diri dengan sopan. | D7: Hi, I am Sam. Nice to meet you. = Hai, saya Sam. Senang bertemu kamu. | E7: https://learningenglish.voanews.com/a/lets-learn-english-lesson-2-hello/3113733.html | F7: Dasar / strategi
A8: pronoun | B8: Subject pronoun | C8: Kata ganti subjek menggantikan orang atau benda yang menjadi pokok kalimat: I, you, we, they, he, she, it. | D8: She is a student. = Dia seorang mahasiswa. She menggantikan nama perempuan. | E8: https://learnenglish.britishcouncil.org/free-resources/grammar/english-grammar-reference/personal-pronouns | F8: Dasar / strategi
A9: be | B9: To be: am / is / are | C9: Am, is, dan are menghubungkan subjek dengan identitas, sifat, atau lokasi. Gunakan I am; he/she/it is; you/we/they are. | D9: I am ready. She is at home. = Saya siap. Dia di rumah. | E9: https://learnenglish.britishcouncil.org/free-resources/grammar/a1-a2/present-simple-be | F9: Dasar / strategi
A10: negative | B10: Kalimat negatif dengan be | C10: Untuk menyangkal kalimat yang memakai be, letakkan not setelah am/is/are. Bentuk singkat: is not → isn't; are not → aren't. | D10: I am not tired. = Saya tidak lelah. Bukan I not tired. | E10: https://learnenglish.britishcouncil.org/free-resources/grammar/a1-a2/present-simple-be | F10: Dasar / strategi
A11: questionbe | B11: Pertanyaan dengan be | C11: Pertanyaan ya/tidak dengan be menempatkan am/is/are sebelum subjek. Jawaban singkat mengulang be yang sesuai. | D11: Are you busy? Yes, I am. = Apakah kamu sibuk? Ya. | E11: https://learnenglish.britishcouncil.org/free-resources/grammar/a1-a2/present-simple-be | F11: Dasar / strategi
A12: wh | B12: Question words | C12: What menanyakan apa; who siapa; where di mana; when kapan; why mengapa; how bagaimana. Susunan setelahnya bergantung pada kata kerja. | D12: Where do you work? = Kamu bekerja di mana? | E12: https://learnenglish.britishcouncil.org/free-resources/grammar/a1-a2/question-forms | F12: Dasar / strategi
A13: poss | B13: Possessive adjective | C13: My, your, his, her, its, our, their menandai pemilik dan diikuti kata benda. Bedakan your (milikmu) dari you're (you are). | D13: This is my notebook. = Ini buku catatan saya. | E13: https://learnenglish.britishcouncil.org/free-resources/grammar/english-grammar-reference/personal-pronouns | F13: Dasar / strategi
A14: noun | B14: Noun & plural | C14: Noun adalah kata benda, orang, tempat, atau gagasan. Plural berarti lebih dari satu; banyak kata menambah -s, tetapi ada bentuk tidak beraturan. | D14: one book → two books; one child → two children. | E14: https://learnenglish.britishcouncil.org/free-resources/grammar/a1-a2/nouns-countable-uncountable | F14: Dasar / strategi
A15: article | B15: A / an / the | C15: A/an dipakai sebelum kata benda tunggal yang dapat dihitung dan belum spesifik. Pilih berdasarkan bunyi awal: a university, an hour. The menunjuk yang sudah tertentu. | D15: I have a pen. The pen is blue. = Saya punya pena. Pena itu biru. | E15: https://learnenglish.britishcouncil.org/free-resources/grammar/a1-a2-grammar/articles-a-an-the | F15: Dasar / strategi
A16: demonstrative | B16: This / that / these / those | C16: This/these menunjuk yang dekat; that/those yang jauh. This/that untuk tunggal, these/those untuk jamak. | D16: This is a cup. Those are books. = Ini cangkir. Itu buku-buku. | E16: https://learningenglish.voanews.com/a/lets-learn-english-lesson-4/3168920.html | F16: Dasar / strategi
... A63: rubric | B63: Evaluasi diri | C63: Rubrik adalah kriteria penilaian yang sama dari waktu ke waktu. Nilai latihan ini hanya alat belajar, bukan skor TOEFL atau sertifikasi CEFR. | D63: Bandingkan rekaman awal dan akhir: apakah pesan lebih lengkap dan mudah dipahami? | E63: https://learnenglish.britishcouncil.org/free-resources/reading/a2/end-term-report | F63: Dasar / strategi

Sheet Sumber
A1: SUMBER BELAJAR
A3: Tautan langsung ke pelajaran. Halaman diperiksa 6 September 2026; pemutaran video dapat dipengaruhi jaringan/wilayah.
A5: ID | B5: Judul halaman | C5: Penerbit | D5: Jenis | E5: URL langsung | F5: Tanggal cek | G5: Cara akses / batasan
A6: V01 | B6: Lesson 1: Welcome! | C6: VOA Learning English | D6: Video + transkrip | E6: https://learningenglish.voanews.com/a/lets-learn-english-lesson-one/3111026.html | F6: 46271 | G6: Buka video utama atau Conversation. Transkrip/latihan ada di halaman yang sama; jika player gagal, coba tautan unduhan yang tersedia.
A7: V02 | B7: Lesson 2: Hello, I'm Anna! | C7: VOA Learning English | D7: Video + transkrip | E7: https://learningenglish.voanews.com/a/lets-learn-english-lesson-2-hello/3113733.html | F7: 46271 | G7: Buka video utama atau Conversation. Transkrip/latihan ada di halaman yang sama; jika player gagal, coba tautan unduhan yang tersedia.
A8: V03 | B8: Lesson 3: I'm Here! | C8: VOA Learning English | D8: Video + transkrip | E8: https://learningenglish.voanews.com/a/lets-learn-english-lesson-3-i-am-here/3126527.html | F8: 46271 | G8: Buka video utama atau Conversation. Transkrip/latihan ada di halaman yang sama; jika player gagal, coba tautan unduhan yang tersedia.
A9: V04 | B9: Lesson 4: What Is It? | C9: VOA Learning English | D9: Video + transkrip | E9: https://learningenglish.voanews.com/a/lets-learn-english-lesson-4/3168920.html | F9: 46271 | G9: Buka video utama atau Conversation. Transkrip/latihan ada di halaman yang sama; jika player gagal, coba tautan unduhan yang tersedia.
A10: V05 | B10: Lesson 5: Where Are You? | C10: VOA Learning English | D10: Video + transkrip | E10: https://learningenglish.voanews.com/a/lets-learn-english-lesson-5-where-are-you/3168971.html | F10: 46271 | G10: Buka video utama atau Conversation. Transkrip/latihan ada di halaman yang sama; jika player gagal, coba tautan unduhan yang tersedia.
A11: V06 | B11: Lesson 6: Where Is the Gym? | C11: VOA Learning English | D11: Video + transkrip | E11: https://learningenglish.voanews.com/a/lets-learn-english-lesson-6-where-is-the-gym/3225958.html | F11: 46271 | G11: Buka video utama atau Conversation. Transkrip/latihan ada di halaman yang sama; jika player gagal, coba tautan unduhan yang tersedia.
A12: V07 | B12: Lesson 7: What Are You Doing? | C12: VOA Learning English | D12: Video + transkrip | E12: https://learningenglish.voanews.com/a/lets-learn-english-lesson-7-what-are-you-doing/3240468.html | F12: 46271 | G12: Buka video utama atau Conversation. Transkrip/latihan ada di halaman yang sama; jika player gagal, coba tautan unduhan yang tersedia.
A13: V08 | B13: Lesson 8: Are You Busy? | C13: VOA Learning English | D13: Video + transkrip | E13: https://learningenglish.voanews.com/a/lets-learn-english-lesson-8-are-you-busy/3253185.html | F13: 46271 | G13: Buka video utama atau Conversation. Transkrip/latihan ada di halaman yang sama; jika player gagal, coba tautan unduhan yang tersedia.
A14: V09 | B14: Lesson 9: Is It Cold? | C14: VOA Learning English | D14: Video + transkrip | E14: https://learningenglish.voanews.com/a/lets-learn-english-lesson-9-is-it-cold/3261789.html | F14: 46271 | G14: Buka video utama atau Conversation. Transkrip/latihan ada di halaman yang sama; jika player gagal, coba tautan unduhan yang tersedia.
A15: V10 | B15: Lesson 10: Come Over to My Place | C15: VOA Learning English | D15: Video + transkrip | E15: https://learningenglish.voanews.com/a/lets-learn-english-lesson-10/3285228.html | F15: 46271 | G15: Buka video utama atau Conversation. Transkrip/latihan ada di halaman yang sama; jika player gagal, coba tautan unduhan yang tersedia.
A16: V11 | B16: Lesson 11: This Is My Neighborhood | C16: VOA Learning English | D16: Video + transkrip | E16: https://learningenglish.voanews.com/a/lets-learn-english-lesson-11-this-is-my-neighborhood/3293986.html | F16: 46271 | G16: Buka video utama atau Conversation. Transkrip/latihan ada di halaman yang sama; jika player gagal, coba tautan unduhan yang tersedia.
A17: V12 | B17: Lesson 12: Meet My Family | C17: VOA Learning English | D17: Video + transkrip | E17: https://learningenglish.voanews.com/a/lets-learn-english-lesson-12-meet-my-family/3301733.html | F17: 46271 | G17: Buka video utama atau Conversation. Transkrip/latihan ada di halaman yang sama; jika player gagal, coba tautan unduhan yang tersedia.
... A93: X07 | B93: Adjectives | C93: British Council LearnEnglish | D93: Artikel grammar | E93: https://learnenglish.britishcouncil.org/free-resources/grammar/english-grammar-reference/adjectives | F93: 46271 | G93: Gunakan artikel/teks dan latihan free resources. Kelas berbayar/promosi bukan bagian rencana. Baca satu bagian kecil dahulu jika sulit.

Sheet Evaluasi
A1: EVALUASI / BUKTI KEMAJUAN
A3: 20 checkpoint belajar. Nilai diisi sendiri; bukan skor TOEFL, sertifikat, atau penetapan level CEFR.
A5: Cara menilai: setiap aspek 0–5; isi kelima aspek agar total muncul. Satu poin per kriteria terpenuhi.
A6: Reading | C6: Ambil 5 fakta dari bacaan hari itu. 1 poin per fakta tepat setelah dicek ke teks. Jangan melihat jawaban saat mencoba.
A7: Listening | C7: Catat 5 informasi/frasa dari video sebelum membaca transkrip. 1 poin per informasi tepat setelah dicek.
A8: Writing | C8: 1 poin untuk masing-masing: tugas terpenuhi; gagasan jelas; urutan runtut; pola target mayoritas tepat; ejaan/tanda baca tidak mengganggu.
A9: Speaking | C9: 1 poin untuk masing-masing: tugas terpenuhi; dapat dipahami; memakai pola target; urutan jelas; tidak bergantung penuh pada naskah.
A10: Recall | C10: Pilih 5 kata/pola target. Tanpa catatan, jelaskan arti atau buat contoh benar. 1 poin per jawaban benar.
A11: Aturan lanjut | C11: Ambang 70% adalah pilihan latihan, bukan standar resmi. Di bawah ambang: ulangi dua topik terlemah sebelum materi berikutnya.
A12: Saat tertinggal | C12: Tetap ikuti urutan Day, bukan mengejar kalender. Satu Day boleh dibagi dua sesi; tanggal aktual diisi pada Tracker.
A15: Day | B15: Fokus checkpoint | C15: Reading 0–5 | D15: Listening 0–5 | E15: Writing 0–5 | F15: Speaking 0–5 | G15: Recall 0–5 | H15: Total | I15: Langkah berikutnya | J15: Catatan / bukti
A16: 7 | B16: Review 1: identitas diri | H16: =IF(COUNT(C16:G16)<COLUMNS(C16:G16),"",SUM(C16:G16)/(COLUMNS(C16:G16)*Mulai!$G$8)) | I16: =IF(H16="","Belum dinilai",IF(H16>=Mulai!$C$7,"Lanjut + review ringan","Ulang 2 topik terlemah")) -> Belum dinilai
A17: 14 | B17: Review 2: benda di sekitarku | H17: =IF(COUNT(C17:G17)<COLUMNS(C17:G17),"",SUM(C17:G17)/(COLUMNS(C17:G17)*Mulai!$G$8)) | I17: =IF(H17="","Belum dinilai",IF(H17>=Mulai!$C$7,"Lanjut + review ringan","Ulang 2 topik terlemah")) -> Belum dinilai
A18: 21 | B18: Review 3: kamar dan keluarga | H18: =IF(COUNT(C18:G18)<COLUMNS(C18:G18),"",SUM(C18:G18)/(COLUMNS(C18:G18)*Mulai!$G$8)) | I18: =IF(H18="","Belum dinilai",IF(H18>=Mulai!$C$7,"Lanjut + review ringan","Ulang 2 topik terlemah")) -> Belum dinilai
A19: 28 | B19: Review 4: jadwalku | H19: =IF(COUNT(C19:G19)<COLUMNS(C19:G19),"",SUM(C19:G19)/(COLUMNS(C19:G19)*Mulai!$G$8)) | I19: =IF(H19="","Belum dinilai",IF(H19>=Mulai!$C$7,"Lanjut + review ringan","Ulang 2 topik terlemah")) -> Belum dinilai
A20: 30 | B20: Checkpoint bulan 1: profil dan rutinitas | H20: =IF(COUNT(C20:G20)<COLUMNS(C20:G20),"",SUM(C20:G20)/(COLUMNS(C20:G20)*Mulai!$G$8)) | I20: =IF(H20="","Belum dinilai",IF(H20>=Mulai!$C$7,"Lanjut + review ringan","Ulang 2 topik terlemah")) -> Belum dinilai
A21: 37 | B21: Review 5: kemampuan dan bantuan | H21: =IF(COUNT(C21:G21)<COLUMNS(C21:G21),"",SUM(C21:G21)/(COLUMNS(C21:G21)*Mulai!$G$8)) | I21: =IF(H21="","Belum dinilai",IF(H21>=Mulai!$C$7,"Lanjut + review ringan","Ulang 2 topik terlemah")) -> Belum dinilai
A22: 44 | B22: Review 6: aktivitas dan lokasi | H22: =IF(COUNT(C22:G22)<COLUMNS(C22:G22),"",SUM(C22:G22)/(COLUMNS(C22:G22)*Mulai!$G$8)) | I22: =IF(H22="","Belum dinilai",IF(H22>=Mulai!$C$7,"Lanjut + review ringan","Ulang 2 topik terlemah")) -> Belum dinilai
A23: 51 | B23: Review 7: makan dan bertemu | H23: =IF(COUNT(C23:G23)<COLUMNS(C23:G23),"",SUM(C23:G23)/(COLUMNS(C23:G23)*Mulai!$G$8)) | I23: =IF(H23="","Belum dinilai",IF(H23>=Mulai!$C$7,"Lanjut + review ringan","Ulang 2 topik terlemah")) -> Belum dinilai
A24: 58 | B24: Review 8: perbaikan kesalahan | H24: =IF(COUNT(C24:G24)<COLUMNS(C24:G24),"",SUM(C24:G24)/(COLUMNS(C24:G24)*Mulai!$G$8)) | I24: =IF(H24="","Belum dinilai",IF(H24>=Mulai!$C$7,"Lanjut + review ringan","Ulang 2 topik terlemah")) -> Belum dinilai
A25: 60 | B25: Checkpoint bulan 2: situasi nyata | H25: =IF(COUNT(C25:G25)<COLUMNS(C25:G25),"",SUM(C25:G25)/(COLUMNS(C25:G25)*Mulai!$G$8)) | I25: =IF(H25="","Belum dinilai",IF(H25>=Mulai!$C$7,"Lanjut + review ringan","Ulang 2 topik terlemah")) -> Belum dinilai
A26: 67 | B26: Review 9: cerita kemarin | H26: =IF(COUNT(C26:G26)<COLUMNS(C26:G26),"",SUM(C26:G26)/(COLUMNS(C26:G26)*Mulai!$G$8)) | I26: =IF(H26="","Belum dinilai",IF(H26>=Mulai!$C$7,"Lanjut + review ringan","Ulang 2 topik terlemah")) -> Belum dinilai
A27: 74 | B27: Review 10: kemarin dan besok | H27: =IF(COUNT(C27:G27)<COLUMNS(C27:G27),"",SUM(C27:G27)/(COLUMNS(C27:G27)*Mulai!$G$8)) | I27: =IF(H27="","Belum dinilai",IF(H27>=Mulai!$C$7,"Lanjut + review ringan","Ulang 2 topik terlemah")) -> Belum dinilai
... A35: 120 | B35: Checkpoint akhir dan rencana berikutnya | H35: =IF(COUNT(C35:G35)<COLUMNS(C35:G35),"",SUM(C35:G35)/(COLUMNS(C35:G35)*Mulai!$G$8)) | I35: =IF(H35="","Belum dinilai",IF(H35>=Mulai!$C$7,"Lanjut + review ringan","Ulang 2 topik terlemah")) -> Belum dinilai
